Date,AZN.L,BHP.L,HSBA.L,LLOY.L,RR.L,ULVR.L,SHEL.L,BP.L,BATS.L,RIO.L,DGE.L,GSK.L,VOD.L,PRU.L,ITV.L,SSE.L,LGEN.L,TSCO.L,AAL.L,BARC.L,SMIN.L,MNG.L,STAN.L,EXPN.L,CPG.L,NXT.L,SAGA.L,ABF.L,ADM.L,HL.L
2022-12-01,11200.0,2566.0,497.8999938964844,46.125,86.93000030517578,4179.5,2382.0,489.45001220703125,3391.0,5598.0,3846.0,1415.4000244140625,91.5199966430664,1016.0,74.58000183105469,1740.0,255.3000030517578,228.6999969482422,3301.5,158.27999877929688,1595.5,191.1999969482422,594.7999877929688,2954.0,1866.5,5814.0,99.4000015258789,1587.5,2059.0,852.5999755859375
2022-12-02,11178.0,2571.0,498.5,46.650001525878906,90.25,4178.0,2365.5,480.8999938964844,3408.0,5584.0,3847.0,1424.0,91.13999938964844,1030.5,76.05999755859375,1723.0,254.89999389648438,228.5,3296.0,156.82000732421875,1593.5,190.5500030517578,592.5999755859375,2967.0,1875.0,5834.0,104.0,1667.5,2036.0,871.7999877929688
2022-12-05,11260.0,2582.0,500.0,46.375,90.58999633789062,4179.0,2375.5,483.5,3430.5,5671.0,3821.5,1422.199951171875,91.0199966430664,1085.5,76.87999725341797,1730.0,255.10000610351562,230.10000610351562,3337.0,156.27999877929688,1590.0,186.8000030517578,592.2000122070312,2957.0,1896.0,5854.0,104.5,1668.5,2026.0,854.4000244140625
2022-12-06,11150.0,2580.0,498.6499938964844,46.42499923706055,93.48999786376953,4186.0,2358.5,474.6499938964844,3419.0,5680.0,3827.0,1387.800048828125,89.2699966430664,1076.5,76.9000015258789,1710.0,256.1000061035156,229.0,3324.5,158.75999450683594,1598.5,186.64999389648438,591.7999877929688,2910.0,1898.5,5862.0,104.9000015258789,1669.5,2002.0,839.2000122070312
2022-12-07,11258.0,2557.5,493.8500061035156,46.23500061035156,90.52999877929688,4161.0,2315.5,464.0,3410.5,5616.0,3819.0,1492.4000244140625,87.66000366210938,1055.0,75.80000305175781,1707.0,253.39999389648438,228.3000030517578,3270.0,157.44000244140625,1611.5,184.25,584.2000122070312,2914.0,1892.5,5880.0,106.69999694824219,1666.5,1993.0,835.0
2022-12-08,11316.0,2592.0,495.29998779296875,45.900001525878906,91.38999938964844,4161.0,2309.5,463.95001220703125,3305.0,5780.0,3776.0,1483.5999755859375,85.93000030517578,1058.5,74.54000091552734,1698.0,252.10000610351562,230.89999389648438,3299.5,156.8000030517578,1611.0,181.5,591.4000244140625,2880.0,1897.5,5810.0,106.5999984741211,1654.5,1979.0,850.4000244140625
2022-12-09,11354.0,2634.0,496.20001220703125,46.439998626708984,94.05000305175781,4125.5,2286.0,461.95001220703125,3316.0,5835.0,3743.0,1457.800048828125,86.75,1090.5,75.55999755859375,1696.0,254.6999969482422,227.89999389648438,3190.0,159.47999572753906,1614.0,183.9499969482422,599.0,2895.0,1919.5,5846.0,109.69999694824219,1639.0,2015.0,864.7999877929688
2022-12-12,11350.0,2537.0,496.3500061035156,45.775001525878906,92.83999633789062,4122.0,2295.5,462.1000061035156,3307.5,5679.0,3728.5,1445.0,87.05999755859375,1061.0,73.9000015258789,1696.5,252.0,226.8000030517578,3155.0,158.13999938964844,1599.5,182.8000030517578,603.0,2924.0,1902.5,5786.0,110.9000015258789,1611.0,2016.0,856.4000244140625
2022-12-13,11326.0,2565.5,500.1000061035156,46.369998931884766,90.61000061035156,4105.5,2318.0,471.04998779296875,3252.5,5747.0,3759.5,1452.4000244140625,86.48999786376953,1100.0,76.62000274658203,1708.5,258.20001220703125,226.5,3205.0,161.77999877929688,1609.0,185.6999969482422,608.0,2950.0,1899.0,5880.0,114.19999694824219,1623.5,2052.0,885.4000244140625
2022-12-14,11400.0,2506.5,497.70001220703125,46.154998779296875,90.29000091552734,4150.5,2296.0,469.54998779296875,3268.0,5622.0,3764.5,1443.800048828125,86.33999633789062,1090.0,76.68000030517578,1725.5,258.6000061035156,225.6999969482422,3132.5,160.25999450683594,1614.5,185.6999969482422,606.5999755859375,2984.0,1925.0,5922.0,110.4000015258789,1629.0,2085.0,885.4000244140625
2022-12-15,11360.0,2524.0,492.6499938964844,45.46500015258789,89.12999725341797,4137.0,2289.5,465.8500061035156,3285.0,5657.0,3675.5,1449.4000244140625,85.9800033569336,1065.5,74.4800033569336,1722.0,254.10000610351562,223.5,3114.5,155.1999969482422,1610.0,184.85000610351562,604.5999755859375,2906.0,1902.5,5742.0,113.30000305175781,1572.0,2052.0,880.2000122070312
2022-12-16,11156.0,2505.0,492.25,45.18000030517578,87.33000183105469,4141.0,2243.0,455.3999938964844,3293.5,5612.0,3624.0,1428.0,83.76000213623047,1056.5,69.44000244140625,1688.5,246.89999389648438,222.3000030517578,3100.0,154.4199981689453,1570.5,180.10000610351562,616.7999877929688,2859.0,1901.0,5626.0,112.0,1553.0,2015.0,854.0
2022-12-19,11108.0,2508.0,495.75,45.0,88.83999633789062,4173.5,2287.0,466.6000061035156,3332.0,5609.0,3636.0,1420.800048828125,84.29000091552734,1055.0,70.81999969482422,1689.0,247.10000610351562,223.6999969482422,3113.0,155.3800048828125,1581.0,182.6999969482422,617.2000122070312,2833.0,1903.5,5530.0,117.9000015258789,1562.0,2039.0,850.7999877929688
2022-12-20,11126.0,2534.5,502.79998779296875,45.52000045776367,88.43000030517578,4156.5,2307.5,467.45001220703125,3314.5,5663.0,3629.5,1427.0,83.80000305175781,1058.0,70.81999969482422,1702.5,246.1999969482422,224.39999389648438,3124.0,155.74000549316406,1583.5,182.3000030517578,621.2000122070312,2802.0,1901.5,5508.0,116.0,1543.0,2057.0,831.7999877929688
2022-12-21,11244.0,2585.0,511.29998779296875,46.244998931884766,91.12000274658203,4225.0,2354.5,480.0,3353.5,5782.0,3693.0,1453.199951171875,84.5,1092.5,73.27999877929688,1716.0,253.0,226.89999389648438,3249.5,158.0800018310547,1609.0,186.6999969482422,625.7999877929688,2834.0,1920.5,5658.0,122.4000015258789,1576.0,2076.0,855.7999877929688
2022-12-22,11306.0,2537.5,512.2999877929688,46.099998474121094,91.0999984741211,4213.0,2352.5,477.8999938964844,3319.5,5739.0,3663.0,1454.800048828125,83.7300033569336,1099.5,73.41999816894531,1716.0,250.10000610351562,226.10000610351562,3204.0,157.13999938964844,1593.0,186.25,625.0,2815.0,1934.0,5598.0,122.9000015258789,1568.5,2078.0,843.7999877929688
2022-12-23,11238.0,2565.5,510.29998779296875,46.029998779296875,91.68000030517578,4214.0,2366.5,478.8999938964844,3316.5,5808.0,3647.5,1452.800048828125,83.9000015258789,1116.5,74.23999786376953,1707.0,250.60000610351562,226.6999969482422,3249.5,157.74000549316406,1590.5,187.14999389648438,625.0,2807.0,1932.0,5606.0,125.5,1587.0,2106.0,850.5999755859375
2022-12-28,11250.0,2562.0,518.0,46.2400016784668,92.63999938964844,4205.5,2350.0,480.3999938964844,3332.5,5818.0,3668.5,1440.199951171875,84.47000122070312,1123.5,74.31999969482422,1719.0,251.6999969482422,223.5,3286.0,158.8800048828125,1600.0,188.0500030517578,629.2000122070312,2848.0,1928.5,5658.0,133.8000030517578,1588.5,2122.0,857.7999877929688
2022-12-29,11348.0,2577.0,518.7999877929688,46.224998474121094,92.44999694824219,4202.0,2349.5,480.75,3304.5,5834.0,3668.0,1444.5999755859375,85.12000274658203,1134.0,75.68000030517578,1727.0,252.5,224.3000030517578,3254.5,159.33999633789062,1612.0,188.14999389648438,629.7999877929688,2857.0,1933.0,5752.0,129.6999969482422,1592.5,2127.0,858.7999877929688
2022-12-30,11218.0,2570.0,515.7000122070312,45.40999984741211,93.19999694824219,4182.0,2326.0,474.8999938964844,3281.5,5798.0,3650.0,1437.5999755859375,84.23999786376953,1127.5,75.16000366210938,1712.0,249.5,224.1999969482422,3236.5,158.52000427246094,1598.5,187.85000610351562,622.4000244140625,2813.0,1917.5,5806.0,125.80000305175781,1576.0,2137.0,856.2000122070312
2023-01-03,11534.0,2571.5,529.9000244140625,47.130001068115234,98.91000366210938,4193.5,2367.0,483.3500061035156,3342.5,5839.0,3612.5,1451.0,85.91000366210938,1177.0,77.41999816894531,1663.5,252.10000610351562,229.0,3267.0,163.60000610351562,1598.5,189.4499969482422,640.2000122070312,2824.0,1950.0,5956.0,137.10000610351562,1627.0,2163.0,864.0
2023-01-04,11602.0,2585.5,543.5,47.44499969482422,101.4000015258789,4227.0,2285.0,465.8500061035156,3349.5,5845.0,3658.5,1447.800048828125,87.80999755859375,1239.5,78.86000061035156,1635.5,256.79998779296875,235.0,3180.0,168.0800018310547,1619.0,193.0500030517578,660.4000244140625,2892.0,1937.0,6098.0,147.39999389648438,1672.5,2223.0,868.7999877929688
2023-01-05,11710.0,2653.0,565.2999877929688,48.314998626708984,102.66000366210938,4201.0,2311.5,471.75,3336.0,5940.0,3652.5,1431.5999755859375,88.7699966430664,1217.0,79.12000274658203,1650.0,258.0,238.5,3319.0,172.4199981689453,1619.5,191.8000030517578,705.2000122070312,2845.0,1934.5,6518.0,148.5,1744.5,2203.0,868.5999755859375
2023-01-06,11782.0,2722.0,568.5999755859375,48.005001068115234,102.9000015258789,4201.5,2350.0,477.04998779296875,3343.5,6058.0,3646.5,1432.199951171875,88.70999908447266,1230.0,79.5999984741211,1675.0,258.3999938964844,241.39999389648438,3509.0,172.10000610351562,1629.0,192.39999389648438,697.7999877929688,2851.0,1909.0,6482.0,149.5,1771.0,2224.0,873.4000244140625
2023-01-09,11736.0,2719.5,563.2000122070312,48.25,103.76000213623047,4195.0,2379.0,479.29998779296875,3284.5,6091.0,3635.0,1421.4000244140625,88.69000244140625,1247.0,81.4800033569336,1671.5,261.0,243.1999969482422,3581.5,172.6199951171875,1625.0,194.25,685.4000244140625,2867.0,1900.0,6454.0,155.39999389648438,1750.0,2208.0,874.5999755859375
2023-01-10,11802.0,2708.5,564.0999755859375,48.03499984741211,101.0199966430664,4198.0,2376.5,475.1000061035156,3153.5,6073.0,3631.5,1414.0,87.72000122070312,1241.0,76.0199966430664,1674.0,258.29998779296875,242.10000610351562,3493.5,171.60000610351562,1628.0,196.5500030517578,687.7999877929688,2882.0,1917.5,6266.0,149.6999969482422,1754.5,2272.0,878.4000244140625
2023-01-11,11634.0,2754.5,569.5999755859375,48.07500076293945,102.58000183105469,4190.5,2406.0,478.54998779296875,3128.5,6127.0,3668.5,1409.800048828125,87.81999969482422,1244.5,75.16000366210938,1692.5,252.1999969482422,243.6999969482422,3533.0,173.5399932861328,1631.0,190.8000030517578,687.4000244140625,2890.0,1902.0,6402.0,145.8000030517578,1763.5,2117.0,896.7999877929688
2023-01-12,11448.0,2800.0,581.7999877929688,48.75,104.0,4185.0,2432.5,485.0,3172.5,6288.0,3642.0,1431.0,92.05000305175781,1272.5,77.5999984741211,1670.0,259.6000061035156,246.0,3621.0,177.0800018310547,1632.0,202.6999969482422,699.4000244140625,2858.0,1907.0,6612.0,152.10000610351562,1801.5,2169.0,910.0
2023-01-13,11656.0,2813.5,591.2000122070312,49.6150016784668,108.76000213623047,4215.5,2440.5,484.3500061035156,3124.0,6219.0,3679.5,1434.5999755859375,91.61000061035156,1293.0,78.54000091552734,1667.5,258.8999938964844,245.60000610351562,3568.0,180.74000549316406,1654.5,202.1999969482422,708.0,2901.0,1925.5,6584.0,153.89999389648438,1795.0,2184.0,925.0
2023-01-16,11676.0,2765.0,596.0999755859375,49.75,107.16000366210938,4230.0,2425.5,481.0,3139.0,6096.0,3701.5,1436.199951171875,93.30000305175781,1325.5,80.4000015258789,1682.5,258.6000061035156,247.5,3552.5,182.5,1669.0,205.10000610351562,701.7999877929688,2955.0,1910.0,6634.0,151.1999969482422,1828.5,2161.0,929.5999755859375
2023-01-17,11600.0,2775.5,591.2000122070312,49.5,108.54000091552734,4165.5,2419.0,484.6499938964844,3130.0,6148.0,3766.5,1437.800048828125,92.18000030517578,1320.0,79.08000183105469,1718.5,257.5,247.8000030517578,3589.0,180.94000244140625,1681.0,206.60000610351562,701.5999755859375,2961.0,1933.5,6616.0,149.39999389648438,1853.5,2145.0,921.5999755859375
2023-01-18,11578.0,2804.5,590.7000122070312,49.46500015258789,108.26000213623047,4095.0,2403.5,486.20001220703125,3070.5,6204.0,3667.5,1410.0,90.69000244140625,1311.5,77.54000091552734,1708.0,259.1000061035156,247.8000030517578,3672.5,182.10000610351562,1706.0,204.89999389648438,701.5999755859375,3049.0,1922.5,6544.0,149.10000610351562,1831.0,2131.0,929.7999877929688
2023-01-19,11420.0,2750.0,585.5,48.80500030517578,105.08000183105469,4091.5,2360.5,474.70001220703125,3108.0,6151.0,3692.0,1418.5999755859375,90.26000213623047,1283.0,76.55999755859375,1702.0,253.1999969482422,248.1999969482422,3563.5,177.3800048828125,1707.5,201.89999389648438,695.4000244140625,2962.0,1898.0,6402.0,148.60000610351562,1814.0,2116.0,887.4000244140625
2023-01-20,11200.0,2774.0,592.5999755859375,49.275001525878906,106.5999984741211,4089.5,2363.0,475.8500061035156,3121.5,6213.0,3679.5,1406.800048828125,91.87999725341797,1302.0,79.05999755859375,1750.5,254.89999389648438,247.89999389648438,3566.0,178.4199981689453,1705.0,205.6999969482422,700.0,2936.0,1913.0,6436.0,150.5,1826.5,2095.0,864.2000122070312
2023-01-23,11038.0,2797.0,592.0999755859375,49.810001373291016,108.19999694824219,4105.5,2365.5,480.79998779296875,3122.5,6249.0,3705.5,1410.800048828125,91.52999877929688,1299.5,79.91999816894531,1735.0,256.79998779296875,249.8000030517578,3588.5,179.8800048828125,1711.5,207.3000030517578,703.7999877929688,2954.0,1912.5,6458.0,152.39999389648438,1869.5,2112.0,866.0
2023-01-24,10710.0,2803.0,594.7999877929688,50.130001068115234,111.4000015258789,4099.5,2347.5,475.25,3093.5,6280.0,3688.0,1387.0,92.13999938964844,1312.5,80.83999633789062,1731.5,259.6000061035156,243.89999389648438,3580.0,179.75999450683594,1729.0,206.8000030517578,712.4000244140625,2962.0,1922.5,6506.0,168.0,1832.0,2134.0,865.0
2023-01-25,10810.0,2840.5,598.5,50.95000076293945,111.72000122070312,4060.5,2332.0,,3062.0,6336.0,3675.0,1403.5999755859375,92.33000183105469,1334.0,81.19999694824219,1741.5,258.79998779296875,244.60000610351562,3596.5,181.72000122070312,1738.5,206.5,702.0,2852.0,1911.5,6470.0,180.89999389648438,1835.0,2139.0,853.7999877929688
2023-01-26,10644.0,2855.0,603.9000244140625,52.5,113.4800033569336,4043.5,2341.5,484.20001220703125,3030.0,6377.0,3472.0,1405.199951171875,92.33999633789062,1371.5,81.62000274658203,1731.5,259.79998779296875,245.60000610351562,3595.0,185.0399932861328,1745.5,208.0,719.4000244140625,2888.0,1911.0,6584.0,180.60000610351562,1847.5,2184.0,883.5999755859375
2023-01-27,10622.0,2826.0,600.5,52.59000015258789,110.19999694824219,4021.0,2370.5,489.29998779296875,3036.5,6291.0,3422.0,1410.0,93.41999816894531,1371.5,82.94000244140625,1734.0,260.79998779296875,246.89999389648438,3557.0,185.77999877929688,1753.0,208.39999389648438,712.5999755859375,2895.0,1900.5,6636.0,183.10000610351562,1857.0,2202.0,894.2000122070312
2023-01-30,10710.0,2818.5,602.0,52.97999954223633,109.12000274658203,4072.0,2375.0,492.04998779296875,3067.0,6318.0,3410.5,1413.0,93.55000305175781,1342.5,81.81999969482422,1738.0,256.0,247.60000610351562,3520.5,186.66000366210938,1756.0,207.0,688.0,2944.0,1906.5,6648.0,188.5,1866.0,2203.0,889.2000122070312
2023-01-31,10590.0,2826.0,596.4000244140625,52.58000183105469,105.73999786376953,4108.5,2374.0,488.8500061035156,3096.0,6319.0,3520.0,1423.4000244140625,93.12000274658203,1339.5,80.87999725341797,1723.5,254.0,245.89999389648438,3466.5,185.83999633789062,1727.0,201.89999389648438,679.2000122070312,2953.0,1931.0,6618.0,186.3000030517578,1856.0,2200.0,889.0
2023-02-01,10280.0,2791.0,601.2999877929688,52.97999954223633,105.18000030517578,4133.0,2366.5,492.45001220703125,3117.0,6202.0,3545.5,1419.5999755859375,91.18000030517578,1345.5,82.66000366210938,1714.5,254.89999389648438,247.5,3387.0,186.47999572753906,1765.5,201.60000610351562,687.4000244140625,2977.0,1894.5,6642.0,179.6999969482422,1875.0,2205.0,882.4000244140625
2023-02-02,10250.0,2751.5,591.0,53.4900016784668,108.73999786376953,4102.0,2337.5,478.79998779296875,3115.5,6064.0,3546.5,1427.4000244140625,94.83999633789062,1346.0,87.5,1753.5,259.79998779296875,248.3000030517578,3387.0,188.39999389648438,1783.5,208.89999389648438,669.5999755859375,3160.0,1885.5,6936.0,179.10000610351562,1948.5,2300.0,944.0
2023-02-03,10578.0,2780.5,596.7000122070312,53.33000183105469,109.08000183105469,4171.0,2414.0,486.04998779296875,3125.5,6128.0,3578.5,1439.5999755859375,91.13999938964844,1354.0,87.4800033569336,1757.0,261.29998779296875,246.39999389648438,3415.0,188.63999938964844,1797.5,208.10000610351562,676.0,3131.0,1926.0,6980.0,178.39999389648438,1931.5,2280.0,949.5999755859375
2023-02-06,10580.0,2737.5,596.0,52.83000183105469,108.08000183105469,4163.5,2398.5,478.3500061035156,3112.0,6047.0,3561.5,1461.0,90.66000366210938,1289.5,85.26000213623047,1753.5,256.70001220703125,246.5,3352.0,186.5399932861328,1770.0,206.10000610351562,671.4000244140625,3073.0,1927.5,6800.0,173.60000610351562,1936.0,2291.0,918.4000244140625
2023-02-07,10586.0,2747.5,605.0,53.45000076293945,107.95999908447266,4104.0,2455.0,516.4000244140625,3102.0,6081.0,3505.5,1485.5999755859375,91.48999786376953,1299.5,86.63999938964844,1739.5,254.10000610351562,246.6999969482422,3387.0,188.83999633789062,1772.0,203.10000610351562,682.5999755859375,3019.0,1883.0,6726.0,171.89999389648438,1924.5,2260.0,912.4000244140625
2023-02-08,10752.0,2752.0,612.4000244140625,53.650001525878906,109.22000122070312,4099.5,2443.0,533.2000122070312,3091.0,6051.0,3514.0,1501.0,92.31999969482422,1293.5,89.9000015258789,1736.5,253.3000030517578,244.3000030517578,3343.5,189.72000122070312,1771.0,202.5,688.7999877929688,3021.0,1888.0,6860.0,175.6999969482422,1929.0,2260.0,907.5999755859375
2023-02-09,11190.0,2769.5,615.7999877929688,53.970001220703125,108.72000122070312,4109.0,2466.0,545.7000122070312,3018.0,6079.0,3506.5,1502.5999755859375,91.2699966430664,1297.0,90.05999755859375,1737.0,256.0,244.39999389648438,3342.5,189.60000610351562,1777.5,203.6999969482422,767.5999755859375,2980.0,1856.0,6882.0,170.89999389648438,1928.5,2260.0,916.7999877929688
2023-02-10,11390.0,2721.5,610.5999755859375,53.290000915527344,107.4800033569336,4132.5,2539.0,560.0,3045.0,5967.0,3486.5,1473.0,92.08000183105469,1278.5,88.5999984741211,1725.0,253.60000610351562,243.0,3228.0,185.72000122070312,1749.5,199.25,729.4000244140625,2936.0,1877.5,6730.0,177.3000030517578,1886.0,2202.0,918.0
2023-02-13,11422.0,2730.0,613.7000122070312,53.06999969482422,109.45999908447266,4262.0,2545.0,557.4000244140625,3101.5,5977.0,3537.5,1487.5999755859375,94.0,1293.5,86.36000061035156,1730.0,254.89999389648438,242.89999389648438,3235.5,186.32000732421875,1778.5,199.5,729.7999877929688,2979.0,1893.0,6750.0,174.39999389648438,1904.5,2234.0,935.7999877929688
2023-02-14,11518.0,2731.5,609.2000122070312,53.790000915527344,108.36000061035156,4266.5,2560.5,560.0999755859375,3111.0,6018.0,3520.0,1470.0,97.22000122070312,1283.5,86.62000274658203,1729.5,254.6999969482422,245.8000030517578,3213.0,187.32000732421875,1772.0,200.3000030517578,721.5999755859375,2969.0,1896.5,6712.0,173.89999389648438,1910.0,2223.0,947.7999877929688
2023-02-15,11568.0,2752.0,612.2999877929688,52.380001068115234,112.0,4267.5,2579.0,559.7000122070312,3149.5,6037.0,3551.0,1456.800048828125,99.22000122070312,1304.0,87.19999694824219,1734.0,258.29998779296875,250.0,3224.0,172.60000610351562,1793.0,201.0,729.2000122070312,3014.0,1907.0,6808.0,175.0,1920.5,2242.0,883.5999755859375
2023-02-16,11362.0,2791.0,618.4000244140625,52.939998626708984,113.80000305175781,4231.0,2587.5,567.5999755859375,3128.0,6139.0,3593.5,1455.0,101.5199966430664,1310.0,87.58000183105469,1732.0,259.5,250.10000610351562,3261.5,174.66000366210938,1777.5,200.0,759.2000122070312,3005.0,1909.0,6840.0,185.10000610351562,1935.0,2231.0,866.4000244140625
2023-02-17,11486.0,2768.0,621.0999755859375,50.90999984741211,112.45999908447266,4235.5,2541.0,559.9000244140625,3162.0,6103.0,3560.5,1484.199951171875,102.37999725341797,1306.5,89.0,1755.5,260.0,250.89999389648438,3209.5,173.5,1775.0,201.39999389648438,765.2000122070312,2989.0,1924.5,6890.0,184.3000030517578,1932.5,2244.0,853.5999755859375
2023-02-20,11540.0,2855.0,620.7000122070312,51.540000915527344,111.80000305175781,4210.5,2524.0,558.2000122070312,3166.0,6277.0,3569.0,1475.0,102.76000213623047,1297.0,88.73999786376953,1757.0,259.5,251.1999969482422,3337.5,175.8800048828125,1768.5,202.6999969482422,768.5999755859375,2969.0,1909.0,6866.0,181.6999969482422,1945.5,2245.0,870.2000122070312
2023-02-21,11570.0,2751.0,647.5,50.970001220703125,109.9800033569336,4238.5,2485.5,550.2999877929688,3155.0,6204.0,3578.5,1481.800048828125,101.66000366210938,1256.5,87.23999786376953,1766.5,255.39999389648438,249.8000030517578,3154.0,171.4199981689453,1757.5,200.10000610351562,771.7999877929688,2926.0,1924.5,6812.0,169.6999969482422,1969.0,2202.0,857.4000244140625
2023-02-22,11500.0,2658.0,636.0999755859375,51.2599983215332,107.62000274658203,4266.5,2449.5,539.4000244140625,3169.5,5983.0,3610.5,1481.800048828125,100.5,1243.5,86.44000244140625,1770.0,251.8000030517578,249.1999969482422,3085.5,172.82000732421875,1755.0,198.0,763.7999877929688,2937.0,1953.0,6744.0,164.0,1976.0,2200.0,864.5999755859375
2023-02-23,11210.0,2603.0,630.0999755859375,52.0,133.10000610351562,4193.5,2482.0,547.0,3184.0,5836.0,3587.5,1457.5999755859375,99.0,1239.0,89.08000183105469,1761.0,253.39999389648438,249.0,3009.5,172.60000610351562,1765.0,197.5,763.0,2921.0,1944.0,6848.0,168.3000030517578,1949.5,2204.0,846.4000244140625
2023-02-24,11100.0,2512.0,635.7000122070312,51.65999984741211,136.0399932861328,4191.5,2499.0,550.2000122070312,3216.5,5667.0,3605.5,1445.0,99.18000030517578,1216.5,87.87999725341797,1760.0,253.5,246.89999389648438,2846.0,170.5800018310547,1771.0,211.3000030517578,771.2000122070312,2865.0,1938.0,6842.0,165.8000030517578,1946.5,2195.0,842.4000244140625
2023-02-27,11098.0,2511.5,631.7999877929688,51.790000915527344,145.0,4194.0,2536.5,558.2000122070312,3213.0,5648.0,3598.5,1450.199951171875,100.72000122070312,1251.5,89.72000122070312,1764.5,256.5,254.1999969482422,2846.0,172.63999938964844,1777.0,207.89999389648438,787.5999755859375,2855.0,1950.5,6880.0,173.60000610351562,1974.5,2218.0,840.0
2023-02-28,10880.0,2527.5,635.5999755859375,52.619998931884766,144.94000244140625,4136.0,2526.5,550.5,3143.5,5712.0,3529.0,1425.4000244140625,99.77999877929688,1269.5,88.4000015258789,1745.5,255.89999389648438,255.0,2884.5,174.63999938964844,1763.5,214.3000030517578,784.2000122070312,2805.0,1920.0,6842.0,173.6999969482422,2007.0,2201.0,829.5999755859375
2023-03-01,10816.0,2626.5,640.2999877929688,51.959999084472656,148.4199981689453,4137.5,2564.0,,3129.5,5972.0,3520.5,1422.0,100.05999755859375,1294.0,88.4800033569336,1713.0,257.1000061035156,251.5,2980.0,174.4199981689453,1788.5,219.3000030517578,789.7999877929688,2815.0,1913.0,6890.0,174.5,2015.0,2148.0,836.4000244140625
2023-03-02,10864.0,2686.0,619.0,51.34000015258789,148.16000366210938,4188.5,2604.5,561.2000122070312,3155.0,6018.0,3578.5,1438.800048828125,99.5999984741211,1269.5,85.44000244140625,1727.5,255.5,254.10000610351562,2989.0,171.75999450683594,1787.0,217.3000030517578,787.7999877929688,2829.0,1933.0,6852.0,166.10000610351562,2022.0,2151.0,822.0
2023-03-03,10784.0,2733.0,618.2999877929688,51.790000915527344,149.63999938964844,4145.5,2580.0,555.2999877929688,3144.0,6144.0,3576.5,1442.199951171875,100.4800033569336,1266.5,87.31999969482422,1731.0,263.8999938964844,256.29998779296875,3042.5,171.47999572753906,1778.0,218.0,789.0,2817.0,1916.0,6898.0,167.6999969482422,2033.0,2111.0,828.5999755859375
2023-03-06,10742.0,2667.0,617.7999877929688,51.77000045776367,152.77999877929688,4107.0,2599.5,559.4000244140625,3134.0,5972.0,3547.5,1439.4000244140625,101.22000122070312,1263.5,87.95999908447266,1718.5,263.6000061035156,259.8999938964844,2931.5,172.33999633789062,1769.5,217.89999389648438,790.7999877929688,2827.0,1908.5,7076.0,170.60000610351562,2040.0,2092.0,835.4000244140625
2023-03-07,10850.0,2635.0,624.2999877929688,51.349998474121094,153.17999267578125,4120.5,2598.0,558.5,3136.5,5894.0,3550.5,1441.800048828125,98.69999694824219,1270.0,87.69999694824219,1726.5,265.79998779296875,259.1000061035156,2851.0,168.9199981689453,1762.5,216.6999969482422,787.0,2835.0,1915.5,7038.0,171.1999969482422,2039.0,2088.0,832.4000244140625
2023-03-08,10822.0,2668.5,630.7000122070312,51.599998474121094,156.86000061035156,4124.0,2587.5,558.4000244140625,3155.5,5960.0,3542.5,1422.4000244140625,98.72000122070312,1275.0,87.73999786376953,1731.0,261.5,260.5,2880.5,168.8800048828125,1764.0,216.39999389648438,787.4000244140625,2806.0,1906.5,7040.0,168.3000030517578,2052.0,2003.0,833.4000244140625
2023-03-09,10866.0,2561.5,621.0999755859375,51.459999084472656,158.0399932861328,4112.0,2573.0,557.0,3132.5,5690.0,3538.5,1412.199951171875,98.69999694824219,1279.5,87.5,1726.0,263.20001220703125,262.79998779296875,2813.0,163.4199981689453,1750.5,217.0,775.0,2815.0,1916.0,7050.0,160.8000030517578,2067.0,1982.5,835.2000122070312
2023-03-10,10698.0,2531.5,592.5999755859375,49.775001525878906,150.10000610351562,4069.0,2544.5,549.2000122070312,3113.5,5634.0,3500.5,1398.5999755859375,98.55999755859375,1228.5,85.16000366210938,1731.5,252.0,259.6000061035156,2812.0,157.4199981689453,1734.5,214.60000610351562,739.7999877929688,2730.0,1905.0,6968.0,155.39999389648438,2017.0,1881.5,788.2000122070312
2023-03-13,10686.0,2498.0,568.0999755859375,47.224998474121094,145.0,4056.0,2438.0,522.5,3013.5,5548.0,3464.5,1376.5999755859375,95.68000030517578,1159.0,81.68000030517578,1723.5,241.3000030517578,255.0,2728.0,147.47999572753906,1681.0,206.60000610351562,688.7999877929688,2624.0,1885.5,6820.0,145.0,1948.0,1912.0,777.5999755859375
2023-03-14,10686.0,2508.0,577.0,48.23500061035156,155.1999969482422,4073.0,2469.5,530.7999877929688,3000.0,5642.0,3483.5,1380.4000244140625,96.18000030517578,1183.0,82.77999877929688,1749.5,244.0,254.8000030517578,2770.0,152.05999755859375,1708.5,208.39999389648438,696.7999877929688,2687.0,1907.0,6908.0,153.8000030517578,1989.5,1920.0,808.5999755859375
2023-03-15,10644.0,2388.0,548.4000244140625,46.01499938964844,144.13999938964844,4040.5,2259.5,486.79998779296875,2960.0,5334.0,3449.5,1381.4000244140625,94.0199966430664,1036.0,80.5,1719.5,230.0,251.89999389648438,2559.5,138.24000549316406,1655.5,198.39999389648438,643.2000122070312,2629.0,1874.0,6658.0,136.89999389648438,1900.0,1896.5,780.2000122070312
2023-03-16,10798.0,2355.0,558.0999755859375,47.46500015258789,146.3000030517578,4087.0,2209.0,482.45001220703125,2968.5,5281.0,3534.5,1387.0,92.66999816894531,1049.5,81.4800033569336,1735.0,234.39999389648438,252.0,2479.0,142.3800048828125,1692.5,181.64999389648438,650.4000244140625,2653.0,1926.5,6752.0,135.5,1949.5,1954.5,789.7999877929688
2023-03-17,10814.0,2357.5,542.0999755859375,46.25,140.3000030517578,4047.5,2214.0,479.95001220703125,2948.5,5250.0,3475.0,1400.800048828125,90.37000274658203,1008.0,78.54000091552734,1698.0,226.60000610351562,246.89999389648438,2504.0,139.55999755859375,1675.0,177.8000030517578,634.0,2647.0,1941.0,6578.0,124.19999694824219,1901.5,1914.5,767.7999877929688
2023-03-20,10790.0,2387.0,541.7000122070312,46.10499954223633,140.97999572753906,4082.5,2236.0,487.0,2966.0,5360.0,3520.5,1414.0,92.47000122070312,1012.5,80.05999755859375,1712.0,230.5,249.6999969482422,2626.0,136.36000061035156,1678.5,180.1999969482422,615.0,2659.0,1950.5,6638.0,122.0999984741211,1931.0,1937.0,786.4000244140625
2023-03-21,10904.0,2378.5,554.0,48.15999984741211,150.0,4130.0,2310.5,503.3999938964844,2996.5,5340.0,3548.5,1428.0,92.66999816894531,1065.0,82.76000213623047,1731.0,237.60000610351562,256.79998779296875,2601.5,143.13999938964844,1710.0,185.60000610351562,643.5999755859375,2667.0,1981.5,6862.0,131.8000030517578,1955.0,1970.0,802.5999755859375
2023-03-22,10976.0,2371.5,564.5999755859375,47.76499938964844,149.22000122070312,4202.5,2317.5,504.3999938964844,2989.0,5319.0,3604.0,1438.199951171875,91.37999725341797,1074.0,82.69999694824219,1730.5,235.5,259.0,2604.0,142.66000366210938,1713.0,186.1999969482422,652.0,2659.0,2008.0,6820.0,130.60000610351562,1965.0,1995.0,799.7999877929688
2023-03-23,10998.0,2361.5,548.2000122070312,46.849998474121094,147.33999633789062,4172.5,2272.0,498.70001220703125,2823.5,5288.0,3563.0,1437.800048828125,90.80000305175781,1066.0,82.55999755859375,1737.0,228.89999389648438,253.8000030517578,2586.5,139.77999877929688,1715.5,181.9499969482422,632.4000244140625,2638.0,1995.0,6804.0,130.0,1955.0,2010.0,805.2000122070312
2023-03-24,11080.0,2372.0,534.0,45.71500015258789,143.5399932861328,4197.0,2200.5,486.29998779296875,2872.0,5253.0,3599.0,1401.199951171875,88.58000183105469,1024.0,81.4800033569336,1706.0,229.39999389648438,250.8000030517578,2538.0,133.89999389648438,1710.0,179.64999389648438,591.7999877929688,2598.0,1992.0,6694.0,129.3000030517578,1918.0,1996.0,787.4000244140625
2023-03-27,11252.0,2361.5,541.0999755859375,46.31999969482422,144.33999633789062,4220.5,2232.5,496.3999938964844,2885.5,5232.0,3583.0,1423.5999755859375,89.0999984741211,1026.5,80.4000015258789,1727.5,229.39999389648438,251.39999389648438,2539.0,137.0,1685.0,180.14999389648438,592.4000244140625,2598.0,2010.0,6680.0,129.6999969482422,1951.5,2024.0,788.4000244140625
2023-03-28,11134.0,2410.5,541.0999755859375,46.400001525878906,145.33999633789062,4213.0,2263.0,507.79998779296875,2881.0,5338.0,3551.0,1421.0,88.94999694824219,1044.5,79.72000122070312,1710.5,229.60000610351562,254.89999389648438,2567.5,137.17999267578125,1667.0,179.35000610351562,594.2000122070312,2568.0,2004.0,6726.0,122.0,1952.0,1994.5,767.7999877929688
2023-03-29,11166.0,2457.0,554.0,47.125,148.0,4207.0,2298.0,510.5,2875.0,5393.0,3559.0,1420.5999755859375,89.83000183105469,1089.0,81.30000305175781,1737.5,236.8000030517578,262.5,2634.0,142.02000427246094,1681.0,185.9499969482422,603.4000244140625,2604.0,2000.0,6434.0,126.69999694824219,1943.5,2018.0,784.2000122070312
2023-03-30,11166.0,2526.5,555.2999877929688,47.77000045776367,150.1999969482422,4192.5,2318.0,513.2000122070312,2848.5,5439.0,3581.0,1420.0,89.54000091552734,1114.5,83.33999633789062,1809.5,241.8000030517578,264.8999938964844,2687.5,144.82000732421875,1720.0,190.60000610351562,614.7999877929688,2663.0,2016.0,6540.0,132.89999389648438,1948.5,2015.0,792.7999877929688
2023-03-31,11232.0,2559.5,549.7000122070312,47.67499923706055,149.02000427246094,4190.0,2308.5,510.79998779296875,2840.5,5478.0,3614.0,1429.0,89.30000305175781,1102.0,82.80000305175781,1803.0,238.89999389648438,265.70001220703125,2678.0,145.8000030517578,1716.5,198.0,614.2000122070312,2660.0,2033.0,6572.0,133.3000030517578,1940.0,2038.0,799.4000244140625
2023-04-03,11270.0,2519.5,556.4000244140625,48.23500061035156,149.64999389648438,4232.5,2405.0,532.7000122070312,2872.5,5405.0,3609.5,1439.4000244140625,89.45999908447266,1113.5,82.69999694824219,1784.5,238.0,264.1000061035156,2678.0,148.25999450683594,1697.5,193.1999969482422,623.0,2657.0,2018.0,6452.0,137.1999969482422,1934.5,2051.0,793.0
2023-04-04,11244.0,2430.0,551.2000122070312,48.10499954223633,145.5,4223.5,2359.0,527.2000122070312,2811.5,5312.0,3612.0,1449.0,87.4800033569336,1110.5,82.19999694824219,1783.5,237.10000610351562,264.6000061035156,2634.0,146.5,1690.5,191.64999389648438,613.2000122070312,2688.0,2011.0,6462.0,114.5999984741211,1945.0,2078.0,782.0
2023-04-05,11594.0,2412.5,554.2000122070312,48.43000030517578,143.75,4288.5,2363.0,533.7000122070312,2805.0,5283.0,3669.0,1487.199951171875,89.44999694824219,1103.0,79.77999877929688,1813.5,234.8000030517578,263.8999938964844,2610.5,147.72000122070312,1666.5,189.85000610351562,615.0,2681.0,2025.0,6350.0,121.5999984741211,1945.0,2132.0,766.5999755859375
2023-04-06,11700.0,2415.0,562.9000244140625,49.02000045776367,147.9499969482422,4307.5,2417.0,531.9000244140625,2838.0,5295.0,3684.5,1523.0,91.47000122070312,1127.0,81.0999984741211,1845.0,242.0,264.1000061035156,2600.5,151.6199951171875,1645.5,190.10000610351562,618.0,2680.0,2049.0,6378.0,125.0,1961.5,2228.0,785.2000122070312
2023-04-11,11630.0,2518.5,562.4000244140625,49.43000030517578,147.14999389648438,4297.0,2430.5,537.0,2859.0,5555.0,3659.0,1506.4000244140625,92.08999633789062,1140.5,82.12000274658203,1839.0,248.5,267.70001220703125,2709.0,152.5399932861328,1657.0,194.0,618.4000244140625,2656.0,2044.0,6452.0,134.60000610351562,1969.5,2271.0,793.2000122070312
2023-04-12,11822.0,2501.5,561.5999755859375,49.880001068115234,147.60000610351562,4292.0,2445.5,539.5999755859375,2859.0,5520.0,3676.0,1512.5999755859375,92.0,1151.0,83.68000030517578,1856.5,246.89999389648438,267.3999938964844,2675.5,153.05999755859375,1675.0,195.5500030517578,617.0,2685.0,2041.0,6450.0,134.39999389648438,1964.5,2289.0,806.0
2023-04-13,11916.0,2494.5,567.2999877929688,48.505001068115234,149.14999389648438,4316.0,2448.5,538.7000122070312,2814.0,5537.0,3684.0,1522.4000244140625,91.80999755859375,1159.0,80.77999877929688,1842.0,249.10000610351562,269.0,2706.5,152.94000244140625,1666.0,195.10000610351562,618.5999755859375,2687.0,2043.0,6478.0,133.0,1990.5,2282.0,789.5999755859375
2023-04-14,11892.0,2467.5,584.2999877929688,48.935001373291016,149.75,4310.0,2462.0,541.0,2835.0,5462.0,3678.0,1515.0,91.97000122070312,1169.0,81.26000213623047,1823.0,250.10000610351562,268.20001220703125,2676.5,157.8800048828125,1666.0,200.0,646.0,2708.0,2049.0,6564.0,130.0,2016.0,2222.0,794.4000244140625
2023-04-17,11824.0,2506.0,578.0999755859375,48.45000076293945,151.0,4357.0,2455.0,543.7999877929688,2848.0,5551.0,3684.0,1511.800048828125,92.70999908447266,1145.0,81.4000015258789,1825.5,249.0,272.1000061035156,2711.5,154.27999877929688,1676.5,195.89999389648438,642.0,2723.0,2075.0,6524.0,128.8000030517578,2034.0,2193.0,789.0
2023-04-18,12040.0,2539.5,574.5999755859375,48.82500076293945,155.85000610351562,4334.5,2468.0,544.5,2835.0,5609.0,3647.0,1484.0,92.01000213623047,1171.0,81.95999908447266,1815.5,252.39999389648438,273.3999938964844,2800.0,154.9600067138672,1670.5,199.85000610351562,650.5999755859375,2726.0,2051.0,6606.0,130.8000030517578,2053.0,2234.0,787.4000244140625
2023-04-19,11992.0,2520.0,573.4000244140625,49.255001068115234,155.35000610351562,4341.5,2457.5,535.4000244140625,2930.5,5530.0,3675.0,1485.800048828125,90.79000091552734,1166.0,80.41999816894531,1818.5,253.3000030517578,275.8999938964844,2761.5,155.39999389648438,1650.0,199.60000610351562,652.2000122070312,2721.0,2038.0,6534.0,128.8000030517578,2045.0,2272.0,794.5999755859375
2023-04-20,12010.0,2468.5,575.0999755859375,49.005001068115234,155.0,4362.0,2449.5,530.7000122070312,2914.5,5442.0,3699.0,1470.800048828125,89.80999755859375,1153.0,80.9800033569336,1822.5,253.8000030517578,274.6000061035156,2714.0,154.4600067138672,1659.0,199.5,644.5999755859375,2770.0,2057.0,6640.0,125.4000015258789,2040.0,2272.0,794.2000122070312
2023-04-21,12186.0,2355.0,573.7000122070312,48.86000061035156,154.35000610351562,4392.0,2453.0,530.0,2921.0,5131.0,3760.5,1471.199951171875,90.66000366210938,1151.5,82.76000213623047,1841.0,254.10000610351562,278.8999938964844,2552.5,153.24000549316406,1664.0,200.10000610351562,638.5999755859375,2814.0,2076.0,6794.0,125.5999984741211,2046.0,2261.0,795.0
2023-04-24,12164.0,2363.5,573.2999877929688,48.90999984741211,153.60000610351562,4388.0,2461.5,533.9000244140625,2922.0,5141.0,3743.5,,89.68000030517578,1144.5,81.77999877929688,1839.0,254.8000030517578,278.1000061035156,2512.0,154.1999969482422,1671.5,202.3000030517578,632.4000244140625,2840.0,2074.0,6872.0,123.4000015258789,2070.0,2262.0,798.0
2023-04-25,12294.0,2314.5,566.2999877929688,48.22999954223633,152.89999389648438,4416.0,2425.5,529.2999877929688,2972.0,4984.5,3777.0,1500.199951171875,91.27999877929688,1130.0,80.5999984741211,1846.0,251.39999389648438,278.29998779296875,2426.0,151.4600067138672,1675.5,199.75,620.5999755859375,2792.0,2092.0,6776.0,122.19999694824219,1984.0,2259.0,799.7999877929688
2023-04-26,11844.0,2345.5,571.7000122070312,48.599998474121094,151.9499969482422,4371.5,2434.0,533.0999755859375,3007.0,5037.0,3724.5,1442.199951171875,94.27999877929688,1118.5,81.0199966430664,1843.0,253.0,279.6000061035156,2426.0,153.86000061035156,1668.5,201.60000610351562,634.0,2748.0,2096.0,6788.0,122.4000015258789,1948.0,2248.0,792.2000122070312
2023-04-27,11796.0,2352.5,575.4000244140625,48.81999969482422,152.0,4431.5,2401.0,523.5999755859375,2963.0,5044.0,3715.0,1437.0,95.9000015258789,1163.0,80.77999877929688,1847.5,235.0,278.70001220703125,2427.0,162.0399932861328,1665.5,202.0,630.2000122070312,2773.0,2076.0,6792.0,127.0,1936.5,2273.0,787.5999755859375
2023-04-28,11746.0,2338.0,573.7999877929688,48.20000076293945,152.14999389648438,4436.5,2452.0,534.4000244140625,2927.0,5049.0,3622.0,1441.0,95.9000015258789,1211.5,80.77999877929688,1837.5,234.10000610351562,281.1000061035156,2445.0,159.8800048828125,1681.0,205.10000610351562,628.4000244140625,2810.0,2097.0,6740.0,130.60000610351562,1956.0,2311.0,803.0
2023-05-02,11774.0,2303.5,593.9000244140625,47.68000030517578,150.5,4443.5,2342.5,488.3500061035156,2883.5,4915.0,3631.0,1455.199951171875,93.69000244140625,1195.0,77.66000366210938,1837.0,227.8000030517578,280.79998779296875,2370.5,154.94000244140625,1680.5,202.8000030517578,610.5999755859375,2781.0,2088.0,6602.0,127.5999984741211,1956.0,2288.0,782.0
2023-05-03,11884.0,2325.5,593.2000122070312,45.97999954223633,151.89999389648438,4437.5,2325.5,487.1000061035156,2885.0,4954.5,3664.5,1470.5999755859375,96.16000366210938,1192.5,77.81999969482422,1835.5,231.60000610351562,280.0,2413.0,153.25999450683594,1693.0,204.1999969482422,611.4000244140625,2803.0,2113.0,6514.0,125.19999694824219,1925.5,2282.0,791.7999877929688
2023-05-04,11850.0,2301.5,584.0,45.35499954223633,149.1999969482422,4406.0,2345.5,476.5,2804.5,4870.0,3684.5,1466.199951171875,94.5199966430664,1159.0,77.26000213623047,1857.5,224.10000610351562,280.5,2377.0,148.24000549316406,1666.0,199.0500030517578,598.4000244140625,2690.0,2100.0,6722.0,120.4000015258789,1907.0,2207.0,800.4000244140625
2023-05-05,11922.0,2393.0,599.7999877929688,45.810001373291016,151.14999389648438,4399.0,2390.5,492.29998779296875,2804.0,4992.0,3670.5,1462.4000244140625,95.0199966430664,1188.5,79.0,1861.5,228.3000030517578,283.0,2447.0,153.24000549316406,1672.0,202.89999389648438,605.2000122070312,2693.0,2069.0,6800.0,122.0,1923.0,2236.0,792.4000244140625
2023-05-09,11914.0,2401.0,599.2999877929688,46.130001068115234,151.64999389648438,4368.5,2378.0,488.54998779296875,2800.5,5027.0,3631.5,1446.199951171875,94.27999877929688,1174.5,78.73999786376953,1859.0,226.10000610351562,284.6000061035156,2447.0,153.5800018310547,1666.5,199.3000030517578,604.5999755859375,2708.0,2065.0,6790.0,117.4000015258789,1925.5,2222.0,788.7999877929688
2023-05-10,11820.0,2355.0,601.0999755859375,46.16999816894531,156.3000030517578,4292.5,2398.5,487.1000061035156,2754.0,4984.5,3584.0,1436.4000244140625,92.75,1178.0,77.12000274658203,1876.5,226.10000610351562,277.8999938964844,2444.0,153.22000122070312,1653.5,199.64999389648438,613.7999877929688,2728.0,2091.0,6808.0,116.5999984741211,1917.5,2175.0,783.2000122070312
2023-05-11,11924.0,2312.5,593.5999755859375,45.875,145.89999389648438,4339.5,2387.0,477.70001220703125,2727.5,4882.5,3619.5,1444.800048828125,,1181.5,75.58000183105469,1862.0,229.6999969482422,273.6000061035156,2347.5,153.47999572753906,1652.5,200.3000030517578,620.0,2743.0,2114.0,6852.0,116.80000305175781,1908.0,2234.0,803.5999755859375
2023-05-12,12010.0,2334.0,599.7000122070312,45.560001373291016,148.3000030517578,4353.5,2409.0,483.0,2709.0,4917.5,3534.5,1470.199951171875,89.86000061035156,1156.0,74.55999755859375,1889.5,230.8000030517578,275.70001220703125,2337.5,153.89999389648438,1661.5,199.14999389648438,616.2000122070312,2751.0,2157.0,6818.0,114.0,1915.5,2254.0,804.0
2023-05-15,12000.0,2364.5,611.0,46.27000045776367,145.10000610351562,4334.0,2412.0,481.70001220703125,2715.0,4963.0,3538.0,1469.5999755859375,90.02999877929688,1171.0,74.94000244140625,1894.5,232.6999969482422,273.20001220703125,2380.0,155.02000427246094,1656.0,200.1999969482422,619.0,2738.0,2167.0,6814.0,114.5999984741211,1905.5,2247.0,806.4000244140625
2023-05-16,12070.0,2351.5,605.7000122070312,45.70000076293945,148.14999389648438,4343.0,2384.5,475.95001220703125,2720.0,4916.5,3553.5,1466.0,83.33000183105469,1143.0,74.44000244140625,1892.5,230.0,270.8999938964844,2365.5,154.39999389648438,1680.5,196.8000030517578,619.7999877929688,2740.0,2200.0,6742.0,111.4000015258789,1903.5,2193.0,800.0
2023-05-17,11924.0,2357.0,603.0,46.29499816894531,152.85000610351562,4315.0,2396.5,478.3500061035156,2674.5,4970.5,3500.0,1442.4000244140625,82.33999633789062,1152.0,74.18000030517578,1868.0,230.39999389648438,269.29998779296875,2370.0,155.9600067138672,1680.5,196.0,624.5999755859375,2735.0,2214.0,6650.0,112.4000015258789,1884.5,2190.0,795.0
2023-05-18,11978.0,2355.0,612.9000244140625,46.5099983215332,155.5500030517578,4265.0,2393.0,480.54998779296875,2656.0,4936.0,3535.0,1423.800048828125,82.94000244140625,1164.0,75.41999816894531,1837.0,232.8000030517578,268.3999938964844,2328.5,158.05999755859375,1704.5,199.35000610351562,642.5999755859375,2802.0,2228.0,6694.0,112.80000305175781,1905.5,2227.0,799.4000244140625
2023-05-19,12010.0,2352.5,610.7999877929688,46.720001220703125,156.0,4271.0,2409.0,481.3999938964844,2666.5,4948.5,3548.0,1423.800048828125,83.08999633789062,1178.0,75.58000183105469,1868.0,235.1999969482422,266.70001220703125,2350.0,159.4199981689453,1711.0,201.0,634.0,2813.0,2235.0,6594.0,114.80000305175781,1895.0,2249.0,811.7999877929688
2023-05-22,12036.0,2352.0,617.2000122070312,46.939998626708984,157.3000030517578,4229.0,2395.0,481.6499938964844,2678.5,4936.5,3542.5,1425.800048828125,81.6500015258789,1183.0,74.5199966430664,1870.5,236.60000610351562,267.70001220703125,2365.5,160.0800018310547,1685.5,201.10000610351562,653.2000122070312,2830.0,2233.0,6640.0,115.0,1899.5,2306.0,816.7999877929688
2023-05-23,12034.0,2324.5,617.7999877929688,47.59000015258789,153.1999969482422,4216.0,2418.0,488.29998779296875,2738.5,4895.0,3538.5,1430.199951171875,84.08000183105469,1171.0,74.54000091552734,1869.5,237.5,268.1000061035156,2346.0,163.44000244140625,1654.5,200.10000610351562,659.2000122070312,2827.0,2213.0,6554.0,114.19999694824219,1868.5,2300.0,825.7999877929688
2023-05-24,11794.0,2255.0,600.2000122070312,46.76499938964844,146.85000610351562,4172.0,2392.5,486.5,2736.5,4774.0,3491.5,1408.800048828125,83.38999938964844,1101.5,72.76000213623047,1900.0,229.60000610351562,265.70001220703125,2278.5,158.66000366210938,1628.5,194.3000030517578,640.5999755859375,2785.0,2188.0,6448.0,111.19999694824219,1849.0,2279.0,799.5999755859375
2023-05-25,11642.0,2220.0,606.4000244140625,45.83000183105469,148.8000030517578,4167.5,2340.5,474.95001220703125,2663.0,4758.0,3475.0,1384.5999755859375,81.05999755859375,1109.5,72.44000244140625,1857.5,228.0,265.0,2267.0,156.97999572753906,1628.5,192.0500030517578,643.7999877929688,2778.0,2208.0,6420.0,111.0,1837.5,2313.0,791.7999877929688
2023-05-26,11784.0,2287.0,610.7999877929688,45.505001068115234,149.0500030517578,4169.0,2352.5,476.8999938964844,2670.0,4925.0,3498.0,1392.199951171875,79.47000122070312,1125.0,71.62000274658203,1833.5,228.10000610351562,263.79998779296875,2318.5,157.32000732421875,1642.0,198.35000610351562,649.4000244140625,2828.0,2216.0,6400.0,111.4000015258789,1861.0,2319.0,800.4000244140625
2023-05-30,11498.0,2249.0,600.0999755859375,45.21500015258789,144.39999389648438,4045.0,2282.0,466.6000061035156,2597.5,4839.5,3402.5,1371.0,77.75,1125.0,71.08000183105469,1858.5,230.3000030517578,262.20001220703125,2265.0,155.8000030517578,1629.0,198.3000030517578,643.2000122070312,2824.0,2206.0,6380.0,114.4000015258789,1830.5,2336.0,814.5999755859375
2023-05-31,11660.0,2210.5,590.5,44.16999816894531,143.3000030517578,4029.0,2220.5,453.29998779296875,2554.5,4782.0,3347.0,1346.4000244140625,76.37000274658203,1056.0,69.80000305175781,1881.5,228.10000610351562,260.79998779296875,2223.5,151.33999633789062,1606.0,198.1999969482422,633.5999755859375,2832.0,2202.0,6346.0,111.5999984741211,1825.5,2325.0,802.2000122070312
2023-06-01,11670.0,2243.0,593.7999877929688,44.665000915527344,146.39999389648438,4018.0,2248.0,461.5,2557.5,4886.0,3344.5,1347.5999755859375,76.12999725341797,1091.0,70.41999816894531,1880.0,228.8000030517578,260.8999938964844,2299.5,152.6199951171875,1611.0,198.8000030517578,641.5999755859375,2842.0,2214.0,6404.0,114.0,1827.5,2307.0,805.4000244140625
2023-06-02,11748.0,2346.0,602.7000122070312,45.44499969482422,150.0,4056.5,2290.0,474.3500061035156,2570.5,5070.0,3372.5,1367.5999755859375,75.62999725341797,1153.0,71.66000366210938,1868.0,236.0,262.3999938964844,2418.0,156.75999450683594,1619.0,204.0,664.0,2898.0,2207.0,6502.0,116.5999984741211,1869.5,2374.0,817.2000122070312
2023-06-05,11794.0,2338.0,606.0999755859375,44.72999954223633,147.3000030517578,4071.0,2285.0,472.95001220703125,2570.5,5055.0,3332.0,1382.0,77.91999816894531,1137.0,70.69999694824219,1863.0,234.39999389648438,263.1000061035156,2414.5,155.77999877929688,1626.0,201.8000030517578,658.7999877929688,2926.0,2201.0,6450.0,119.5999984741211,1842.0,2364.0,814.2000122070312
2023-06-06,11832.0,2346.0,610.7999877929688,45.17499923706055,148.0500030517578,4044.5,2273.5,471.25,2609.0,5102.0,3351.0,1391.4000244140625,76.91999816894531,1145.5,70.76000213623047,1880.5,240.3000030517578,263.1000061035156,2454.5,158.1999969482422,1622.0,203.39999389648438,671.5999755859375,2937.0,2187.0,6482.0,118.5999984741211,1840.0,2392.0,828.4000244140625
2023-06-07,11754.0,2360.0,616.0999755859375,45.5099983215332,150.14999389648438,4025.0,2294.5,473.75,2587.0,5103.0,3333.5,1376.199951171875,78.4800033569336,1135.5,70.94000244140625,1847.5,238.89999389648438,263.1000061035156,2456.0,158.24000549316406,1650.5,204.0,674.0,2941.0,2187.0,6526.0,117.80000305175781,1896.5,2321.0,831.7999877929688
2023-06-08,11750.0,2379.0,611.0,45.33000183105469,149.4499969482422,3999.5,2309.0,472.6499938964844,2581.5,5127.0,3326.0,1375.199951171875,74.1500015258789,1124.5,70.44000244140625,1844.0,238.0,262.0,2459.5,157.60000610351562,1653.5,201.1999969482422,667.4000244140625,2916.0,2176.0,6492.0,117.0,1875.5,2293.0,857.5999755859375
2023-06-09,11712.0,2380.0,607.5,45.26499938964844,149.25,3970.0,2294.5,468.8999938964844,2590.5,5125.0,3320.5,1378.0,74.87999725341797,1114.0,70.0999984741211,1843.0,239.39999389648438,261.8999938964844,2457.0,156.33999633789062,1659.5,201.6999969482422,660.7999877929688,2868.0,2172.0,6434.0,115.0,1859.5,2294.0,861.5999755859375
2023-06-12,11830.0,2370.5,605.2999877929688,44.974998474121094,150.14999389648438,3996.0,2278.0,462.6000061035156,2579.0,5068.0,3346.5,1373.800048828125,72.8499984741211,1115.0,70.41999816894531,1849.5,240.39999389648438,263.20001220703125,2416.5,155.24000549316406,1678.5,201.3000030517578,656.4000244140625,2949.0,2186.0,6480.0,113.19999694824219,1875.0,2328.0,859.2000122070312
2023-06-13,11740.0,2428.5,609.5999755859375,45.29499816894531,150.89999389648438,3965.5,2296.0,464.8500061035156,2577.5,5203.0,3356.5,1366.5999755859375,72.43000030517578,1115.5,70.63999938964844,1845.0,235.6999969482422,262.29998779296875,2483.0,156.75999450683594,1708.0,202.3000030517578,661.0,2978.0,2172.0,6490.0,113.0,1869.0,2209.0,863.4000244140625
2023-06-14,11510.0,2481.0,610.7999877929688,45.28499984741211,150.75,3967.5,2304.5,461.1499938964844,2570.0,5338.0,3375.5,1363.4000244140625,72.83999633789062,1136.0,70.77999877929688,1836.5,238.0,264.0,2582.5,157.44000244140625,1702.0,202.10000610351562,670.0,2974.0,2180.0,6452.0,116.19999694824219,1879.5,2251.0,844.4000244140625
2023-06-15,11686.0,2505.0,609.4000244140625,44.95500183105469,150.0500030517578,4021.0,2334.5,459.70001220703125,2578.5,5343.0,3359.0,1374.800048828125,73.86000061035156,1135.0,70.05999755859375,1838.0,232.0,264.5,2580.0,153.8000030517578,1693.0,200.6999969482422,679.0,2973.0,2193.0,6440.0,119.0,1898.5,2211.0,836.4000244140625
2023-06-16,11788.0,2481.0,611.7999877929688,45.04499816894531,151.1999969482422,4059.5,2336.0,459.6000061035156,2580.5,5300.0,3354.5,1364.5999755859375,73.70999908447266,1124.5,70.63999938964844,1864.0,230.39999389648438,262.8999938964844,2545.0,153.94000244140625,1691.5,197.25,675.2000122070312,2985.0,2176.0,6438.0,121.80000305175781,1925.5,2175.0,821.7999877929688
2023-06-19,11646.0,2462.5,615.0,45.040000915527344,153.8000030517578,4034.0,2340.0,461.3999938964844,2570.5,5214.0,3305.0,1351.800048828125,74.13999938964844,1129.0,70.5199966430664,1854.0,228.8000030517578,258.79998779296875,2484.0,153.4600067138672,1654.5,196.64999389648438,687.7999877929688,2918.0,2170.0,6742.0,130.39999389648438,1945.5,2159.0,809.4000244140625
2023-06-20,11636.0,2437.0,615.2000122070312,44.814998626708984,157.0,4055.0,2321.5,453.95001220703125,2570.0,5153.0,3306.5,1361.5999755859375,73.0,1100.5,69.33999633789062,1859.5,229.1999969482422,258.70001220703125,2384.5,154.32000732421875,1655.0,195.10000610351562,686.5999755859375,2941.0,2190.0,6700.0,135.8000030517578,1952.5,2158.0,798.4000244140625
2023-06-21,11586.0,2419.0,618.0999755859375,43.744998931884766,157.5500030517578,4070.0,2363.5,464.0,2596.5,5105.0,3305.5,1371.800048828125,72.7300033569336,1095.5,68.27999877929688,1843.5,225.5,258.6000061035156,2336.0,151.4600067138672,1651.5,194.25,684.5999755859375,2916.0,2175.0,6684.0,132.39999389648438,1959.5,2131.0,776.2000122070312
2023-06-22,11600.0,2392.0,606.7000122070312,42.90999984741211,156.0500030517578,4057.0,2333.5,460.0,2589.5,5080.0,3330.5,1359.0,71.9000015258789,1084.5,66.9000015258789,1835.5,223.0,248.89999389648438,2331.0,146.9600067138672,1639.0,191.6999969482422,668.2000122070312,2884.0,2175.0,6674.0,121.0,1936.5,2095.0,776.7999877929688
2023-06-23,11422.0,2327.0,602.2000122070312,42.31999969482422,154.64999389648438,4090.0,2318.5,454.6499938964844,2625.0,4971.5,3305.0,1425.199951171875,72.69000244140625,1078.0,66.69999694824219,1825.5,223.0,248.8000030517578,2248.0,145.22000122070312,1635.0,189.75,657.0,2907.0,2182.0,6612.0,121.5999984741211,1953.0,2116.0,772.0
2023-06-26,11292.0,2329.5,604.0999755859375,41.959999084472656,154.8000030517578,4060.0,2341.0,459.0,2614.0,5013.0,3288.0,1419.800048828125,70.05999755859375,1076.5,66.95999908447266,1825.0,224.89999389648438,251.8000030517578,2275.0,144.9199981689453,1629.0,189.5500030517578,658.0,2908.0,2171.0,6706.0,123.4000015258789,1937.0,2154.0,774.7999877929688
2023-06-27,11190.0,2355.0,610.2999877929688,42.5,155.4499969482422,4071.5,2319.5,452.70001220703125,2603.0,5042.0,3296.5,1402.199951171875,72.6500015258789,1093.0,67.94000244140625,1848.0,226.5,252.60000610351562,2280.0,146.32000732421875,1629.5,190.9499969482422,671.0,2926.0,2208.0,6810.0,118.19999694824219,1950.5,2138.0,772.7999877929688
2023-06-28,11234.0,2354.5,613.2999877929688,42.650001525878906,155.8000030517578,4091.5,2323.5,455.20001220703125,2599.5,5003.0,3328.0,1402.4000244140625,73.66000366210938,1104.0,68.5999984741211,1853.5,227.6999969482422,255.89999389648438,2237.5,148.33999633789062,1643.0,193.14999389648438,668.5999755859375,2998.0,2210.0,6846.0,120.5999984741211,1973.5,2067.0,786.2000122070312
2023-06-29,11236.0,2351.0,618.7999877929688,42.77000045776367,148.6999969482422,4085.0,2325.5,454.79998779296875,2602.0,4998.0,3330.5,1394.0,74.33999633789062,1083.0,68.45999908447266,1822.0,224.39999389648438,246.89999389648438,2234.0,151.32000732421875,1623.0,190.64999389648438,677.5999755859375,2987.0,2193.0,6812.0,117.0,1983.5,2056.0,783.5999755859375
2023-06-30,11276.0,2340.0,621.7000122070312,43.59000015258789,151.0500030517578,4097.5,2342.5,458.3500061035156,2608.0,4985.5,3379.0,1388.800048828125,73.97000122070312,1108.5,68.30000305175781,1841.0,227.3000030517578,248.39999389648438,2233.0,153.3800048828125,1644.0,191.39999389648438,683.0,3018.0,2202.0,6900.0,119.5999984741211,1991.0,2082.0,815.5999755859375
2023-07-03,10374.0,2389.0,627.5999755859375,44.224998474121094,153.60000610351562,4115.5,2379.5,470.79998779296875,2645.5,5091.0,3390.0,1386.5999755859375,74.31999969482422,1107.5,69.0,1843.0,229.3000030517578,252.0,2329.5,155.6199951171875,1634.5,194.0,690.7999877929688,3003.0,2175.0,6982.0,122.4000015258789,2018.0,2091.0,807.0
2023-07-04,10580.0,2374.0,624.7000122070312,43.880001068115234,152.25,4083.5,2380.5,470.25,2649.0,5050.0,3398.0,1379.0,73.66000366210938,1106.0,68.37999725341797,1841.0,228.39999389648438,247.8000030517578,2332.0,152.55999755859375,1623.0,193.5500030517578,691.7999877929688,2989.0,2152.0,6974.0,129.39999389648438,2017.0,2099.0,805.7999877929688
2023-07-05,10620.0,2350.0,621.9000244140625,43.83000183105469,151.0,4077.5,2329.0,459.79998779296875,2621.5,5017.0,3369.0,1366.5999755859375,72.66999816894531,1063.0,68.0,1789.5,223.60000610351562,248.8000030517578,2268.5,150.0399932861328,1597.5,187.89999389648438,685.7999877929688,2943.0,2134.0,6954.0,130.1999969482422,2006.0,2074.0,790.0
2023-07-06,10328.0,2269.5,610.4000244140625,43.29999923706055,145.1999969482422,4039.0,2264.5,449.95001220703125,2588.0,4896.0,3317.0,1336.800048828125,70.73999786376953,1036.5,65.45999908447266,1761.0,218.6999969482422,249.3000030517578,2168.5,146.6999969482422,1584.0,183.0500030517578,668.0,2904.0,2094.0,6582.0,133.1999969482422,1973.5,2035.0,770.7999877929688
2023-07-07,10110.0,2257.5,609.9000244140625,43.095001220703125,148.5,3990.5,2282.5,453.54998779296875,2574.0,4915.0,3270.0,1316.0,70.70999908447266,1039.0,66.4000015258789,1734.0,220.8000030517578,246.39999389648438,2201.0,148.72000122070312,1580.0,184.4499969482422,673.5999755859375,2860.0,2070.0,6658.0,132.1999969482422,1991.5,2029.0,779.4000244140625
2023-07-10,10180.0,2232.0,606.9000244140625,43.04499816894531,147.89999389648438,3996.0,2305.0,454.54998779296875,2560.5,4868.5,3270.0,1316.5999755859375,70.63999938964844,1043.5,66.04000091552734,1732.5,222.5,246.39999389648438,2194.0,148.72000122070312,1586.0,185.6999969482422,668.4000244140625,2863.0,2070.0,6690.0,131.60000610351562,2010.0,2067.0,788.2000122070312
2023-07-11,10082.0,2255.0,600.9000244140625,43.369998931884766,145.64999389648438,3960.5,2320.0,460.25,2550.5,4947.0,3289.5,1318.0,71.04000091552734,1041.0,67.44000244140625,1743.5,226.39999389648438,245.39999389648438,2229.0,149.86000061035156,1593.0,186.35000610351562,664.0,2847.0,2074.0,6812.0,126.5999984741211,2050.0,2044.0,793.0
2023-07-12,10248.0,2333.0,615.7999877929688,44.525001525878906,148.4499969482422,3983.5,2352.0,466.75,2591.0,5140.0,3311.0,1331.800048828125,72.6500015258789,1059.5,69.22000122070312,1772.5,228.89999389648438,250.39999389648438,2325.0,154.8000030517578,1611.5,190.35000610351562,682.5999755859375,2917.0,2082.0,6962.0,125.80000305175781,2066.0,2077.0,822.4000244140625
2023-07-13,10330.0,2367.5,614.2000122070312,44.724998474121094,149.3000030517578,3974.0,2346.0,465.6499938964844,2523.0,5228.0,3333.0,1330.0,71.93000030517578,1080.5,68.77999877929688,1786.0,227.5,249.1999969482422,2365.0,155.6999969482422,1614.5,194.0,686.7999877929688,2954.0,2082.0,6944.0,122.0,2051.0,2090.0,834.4000244140625
2023-07-14,10324.0,2371.0,613.0999755859375,44.36000061035156,145.89999389648438,3992.5,2313.5,456.45001220703125,2524.0,5212.0,3360.0,1320.199951171875,72.19999694824219,1071.5,68.0199966430664,1793.0,223.8000030517578,250.0,2349.0,155.10000610351562,1615.0,191.75,685.2000122070312,3001.0,2093.0,6926.0,120.19999694824219,2055.0,2066.0,839.5999755859375
2023-07-17,10200.0,2324.0,617.9000244140625,44.84000015258789,146.14999389648438,4019.5,2308.0,452.3999938964844,2522.5,5086.0,3347.5,1318.5999755859375,71.88999938964844,1058.5,67.0,1778.5,223.89999389648438,248.89999389648438,2290.5,156.05999755859375,1619.5,188.85000610351562,688.7999877929688,2992.0,2124.0,6894.0,120.19999694824219,2067.0,2055.0,832.7999877929688
2023-07-18,10280.0,2340.5,623.7000122070312,45.689998626708984,146.39999389648438,4015.5,2322.5,458.54998779296875,2550.5,5110.0,3353.5,1332.5999755859375,71.41999816894531,1075.0,68.94000244140625,1769.5,226.60000610351562,251.1999969482422,2311.0,159.3800048828125,1629.0,191.39999389648438,697.2000122070312,2996.0,2092.0,6946.0,120.4000015258789,2103.0,2081.0,840.2000122070312
2023-07-19,10502.0,2350.0,628.7999877929688,46.69499969482422,150.9499969482422,4085.0,2368.5,469.54998779296875,2612.0,5096.0,3447.0,1360.4000244140625,73.44999694824219,1064.0,70.41999816894531,1798.0,236.8000030517578,257.1000061035156,2303.0,164.27999877929688,1645.5,199.35000610351562,706.0,3031.0,2094.0,7054.0,120.4000015258789,2103.0,2178.0,914.0
2023-07-20,10696.0,2382.0,640.0,46.334999084472656,154.39999389648438,4052.0,2395.5,472.25,2664.0,5174.0,3400.0,1387.199951171875,73.87000274658203,1075.5,70.27999877929688,1787.5,234.89999389648438,259.8999938964844,2380.0,164.36000061035156,1660.0,204.89999389648438,716.4000244140625,3000.0,2094.0,7204.0,119.5999984741211,2114.0,2206.0,910.0
2023-07-21,10770.0,2351.0,642.0,45.85499954223633,155.8000030517578,4082.0,2418.0,475.79998779296875,2650.0,5140.0,3437.5,1388.199951171875,73.51000213623047,1043.5,68.58000183105469,1797.5,231.6999969482422,260.20001220703125,2389.0,163.25999450683594,1677.0,201.89999389648438,719.0,3029.0,2117.0,7228.0,120.0,2108.0,2221.0,927.0
2023-07-24,10780.0,2396.5,642.7000122070312,46.04499816894531,156.6999969482422,4018.5,2443.0,483.70001220703125,2655.0,5177.0,3439.5,1395.800048828125,76.51000213623047,1053.5,68.0,1809.0,233.8000030517578,261.3999938964844,2390.5,164.36000061035156,1678.0,201.39999389648438,719.4000244140625,3012.0,2126.0,7150.0,119.0,2091.0,2227.0,906.7999877929688
2023-07-25,10720.0,2491.0,644.2999877929688,46.095001220703125,152.64999389648438,4193.0,2410.0,481.0,2634.0,5394.0,3457.0,1393.0,75.93000030517578,1089.0,68.13999938964844,1807.0,235.1999969482422,260.0,2506.0,163.52000427246094,1673.5,201.39999389648438,718.4000244140625,3011.0,2016.0,7004.0,120.5999984741211,2038.0,2297.0,899.7999877929688
2023-07-26,10670.0,2444.5,644.0999755859375,45.33000183105469,185.0,4184.0,2396.5,478.6000061035156,2632.5,5229.0,3399.5,1385.4000244140625,77.52999877929688,1088.5,69.55999755859375,1807.0,236.60000610351562,263.29998779296875,2450.0,164.05999755859375,1675.0,204.5,711.4000244140625,3006.0,2028.0,7090.0,130.60000610351562,2066.0,2289.0,897.0
2023-07-27,10700.0,2438.0,642.2999877929688,45.04999923706055,189.60000610351562,4180.5,2364.0,479.70001220703125,2641.0,5213.0,3430.5,1405.5999755859375,76.16000366210938,1095.0,72.44000244140625,1701.0,237.60000610351562,260.70001220703125,2427.0,155.39999389648438,1693.0,202.3000030517578,709.4000244140625,3061.0,2037.0,7122.0,130.1999969482422,2085.0,2274.0,887.2000122070312
2023-07-28,11058.0,2401.0,646.7999877929688,45.125,193.3000030517578,4223.5,2341.5,475.3999938964844,2646.5,5125.0,3433.5,1383.0,75.75,1101.0,72.31999969482422,1673.0,234.39999389648438,261.3999938964844,2383.0,155.74000549316406,1697.5,201.6999969482422,737.5999755859375,3015.0,2022.0,7068.0,127.5999984741211,2075.0,2158.0,873.4000244140625
2023-07-31,11186.0,2426.5,646.2999877929688,44.935001373291016,184.85000610351562,4191.0,2366.0,483.0,2615.5,5150.0,3397.5,1384.5999755859375,74.43000030517578,1082.5,72.33999633789062,1685.5,233.39999389648438,258.0,2394.0,154.9600067138672,1699.0,200.60000610351562,747.4000244140625,3009.0,2027.0,7048.0,124.0,2050.0,2129.0,851.4000244140625
2023-08-01,11196.0,2397.5,654.9000244140625,44.34000015258789,185.25,4201.5,2351.5,481.75,2612.5,5095.0,3408.0,1371.5999755859375,73.87999725341797,1059.5,72.73999786376953,1678.5,230.39999389648438,258.79998779296875,2342.5,151.4199981689453,1694.5,196.4499969482422,744.4000244140625,2989.0,2034.0,6962.0,127.4000015258789,2030.0,2130.0,839.7999877929688
2023-08-02,11096.0,2348.0,636.9000244140625,43.2599983215332,183.89999389648438,4181.5,2318.5,473.6000061035156,2593.0,4964.0,3384.5,1367.4000244140625,73.9000015258789,1012.5,72.36000061035156,1640.0,224.6999969482422,255.0,2253.0,146.4600067138672,1679.5,192.60000610351562,734.2000122070312,2924.0,2020.0,6852.0,126.0,2006.0,2058.0,807.5999755859375
2023-08-03,10900.0,2358.0,639.2000122070312,42.92499923706055,192.1999969482422,4121.5,2339.0,477.8500061035156,2577.0,4999.5,3332.0,1345.4000244140625,72.37000274658203,1018.5,72.73999786376953,1619.0,226.1999969482422,251.39999389648438,2250.0,149.16000366210938,1657.5,194.0500030517578,740.4000244140625,2876.0,2017.0,6902.0,128.60000610351562,1993.0,2134.0,804.4000244140625
2023-08-04,10910.0,2364.5,636.4000244140625,43.13999938964844,206.5,4090.5,2388.5,486.45001220703125,2562.0,5010.0,3331.5,1347.0,73.62000274658203,1031.0,73.44000244140625,1631.5,228.3000030517578,250.5,2242.5,150.74000549316406,1666.5,198.10000610351562,741.5999755859375,2848.0,1996.0,6950.0,132.39999389648438,2010.0,2125.0,807.7999877929688
2023-08-07,10886.0,2346.5,644.0999755859375,43.16999816894531,209.5,4090.5,2376.5,483.1000061035156,2556.5,4966.5,3313.5,1352.199951171875,72.68000030517578,1026.5,74.0999984741211,1627.0,228.8000030517578,251.8000030517578,2200.5,150.82000732421875,1677.5,198.1999969482422,747.0,2869.0,1992.5,6878.0,131.60000610351562,2001.0,2118.0,806.5999755859375
2023-08-08,11030.0,2317.5,634.5999755859375,42.685001373291016,207.89999389648438,4087.5,2372.0,480.0,2544.0,4906.5,3314.5,1365.0,71.95999908447266,1010.5,75.08000183105469,1632.0,227.60000610351562,252.0,2156.5,147.0800018310547,1659.5,196.14999389648438,741.7999877929688,2864.0,2002.0,6842.0,140.39999389648438,1976.5,2150.0,798.2000122070312
2023-08-09,11182.0,2338.0,636.0,42.779998779296875,209.10000610351562,4111.5,2428.5,492.6499938964844,2573.0,4955.0,3339.5,1383.5999755859375,72.58000183105469,1015.5,74.31999969482422,1639.5,228.89999389648438,251.60000610351562,2160.5,148.89999389648438,1656.5,196.0500030517578,753.0,2873.0,2013.0,6886.0,145.1999969482422,1985.5,2177.0,804.0
2023-08-10,11162.0,2349.5,632.0,43.0,207.8000030517578,4140.5,2432.5,490.8999938964844,2594.5,4793.0,3406.5,1387.5999755859375,73.18000030517578,1038.5,74.86000061035156,1646.0,233.0,254.8000030517578,2193.5,148.0,1664.0,198.14999389648438,757.5999755859375,2925.0,2017.0,6978.0,150.0,2005.0,2209.0,804.4000244140625
2023-08-11,11030.0,2317.5,624.7999877929688,42.95000076293945,207.6999969482422,4082.5,2416.0,486.3999938964844,2541.5,4726.0,3355.5,1371.0,72.69999694824219,1008.5,73.77999877929688,1640.5,230.10000610351562,251.1999969482422,2151.0,146.60000610351562,1641.5,195.60000610351562,755.0,2863.0,2008.0,6900.0,145.60000610351562,1972.5,2207.0,787.7999877929688
2023-08-14,11114.0,2277.0,621.5,42.84000015258789,209.0,4096.0,2393.5,481.75,2553.5,4647.0,3379.0,1386.0,72.19000244140625,1001.5,72.81999969482422,1633.0,233.10000610351562,250.39999389648438,2074.0,145.8800048828125,1633.0,194.5,751.4000244140625,2866.0,2015.0,6968.0,147.39999389648438,1982.0,2234.0,801.2000122070312
2023-08-15,10876.0,2242.5,600.2999877929688,42.474998474121094,205.5,4049.0,2368.0,473.95001220703125,2500.0,4587.0,3331.5,1377.199951171875,70.93000030517578,980.0,72.66000366210938,1595.5,226.10000610351562,248.0,2025.0,143.5399932861328,1612.5,188.39999389648438,738.7999877929688,2790.0,1991.0,6958.0,146.1999969482422,1967.5,2199.0,784.4000244140625
2023-08-16,10878.0,2203.0,589.7999877929688,42.09000015258789,204.1999969482422,4036.5,2357.0,472.95001220703125,2484.5,4559.0,3308.5,1370.5999755859375,70.73999786376953,980.2000122070312,71.12000274658203,1598.5,222.0,249.8000030517578,2026.5,145.0,1598.0,188.4499969482422,728.5999755859375,2766.0,1983.0,6900.0,143.60000610351562,1991.0,2358.0,772.5999755859375
2023-08-17,10792.0,2223.0,592.4000244140625,42.415000915527344,202.39999389648438,4016.0,2365.0,474.5,2487.0,4636.0,3258.0,1357.800048828125,70.83000183105469,978.2000122070312,70.16000366210938,1577.5,220.0,246.5,2008.5,145.4199981689453,1575.5,187.0500030517578,732.2000122070312,2712.0,1963.0,6854.0,144.8000030517578,1966.0,2375.0,775.7999877929688
2023-08-18,10658.0,2187.5,583.9000244140625,42.244998931884766,201.1999969482422,3980.0,2360.0,473.45001220703125,2525.0,4600.5,3260.0,1349.0,70.9000015258789,947.0,70.0999984741211,1585.5,218.5,249.6999969482422,1972.4000244140625,144.24000549316406,1558.5,185.10000610351562,721.4000244140625,2700.0,1959.0,6836.0,139.8000030517578,1960.0,2361.0,763.0
2023-08-21,10674.0,2202.0,583.2999877929688,42.09000015258789,201.89999389648438,3969.0,2369.5,478.29998779296875,2519.0,4617.5,3266.5,1347.4000244140625,70.36000061035156,934.7999877929688,69.27999877929688,1568.0,217.3000030517578,252.0,1970.0,143.66000366210938,1549.0,183.64999389648438,719.4000244140625,2678.0,1957.5,6816.0,136.60000610351562,1955.0,2362.0,757.7999877929688
2023-08-22,10698.0,2182.5,580.5999755859375,41.724998474121094,201.10000610351562,3961.5,2368.5,477.8999938964844,2534.0,4675.0,3257.0,1357.0,70.62999725341797,942.2000122070312,69.5199966430664,1576.5,218.8000030517578,250.8000030517578,2002.0,142.6999969482422,1555.0,183.5500030517578,715.0,2682.0,1945.5,6790.0,132.8000030517578,1937.0,2386.0,757.5999755859375
2023-08-23,10770.0,2230.0,584.7999877929688,41.869998931884766,201.8000030517578,3997.5,2353.0,471.1499938964844,2550.0,4760.0,3271.0,1364.800048828125,71.54000091552734,963.5999755859375,70.19999694824219,1592.5,220.0,253.3000030517578,2052.5,143.0399932861328,1567.0,185.6999969482422,711.4000244140625,2717.0,1978.5,6758.0,143.1999969482422,1940.0,2389.0,762.0
2023-08-24,10750.0,2197.0,589.0999755859375,42.130001068115234,201.6999969482422,4019.0,2366.5,473.6000061035156,2577.0,4752.0,3264.5,1371.5999755859375,71.7300033569336,960.5999755859375,69.62000274658203,1609.0,214.39999389648438,255.1999969482422,2039.0,144.5399932861328,1571.0,186.1999969482422,713.5999755859375,2718.0,2000.0,6750.0,141.8000030517578,1943.0,2376.0,760.5999755859375
2023-08-25,10660.0,2186.0,587.7999877929688,41.79499816894531,203.0,4036.5,2378.5,475.6000061035156,2589.0,4745.5,3267.5,1374.0,71.27999877929688,946.7999877929688,68.91999816894531,1616.5,212.6999969482422,260.1000061035156,2031.0,143.97999572753906,1589.0,185.0,711.4000244140625,2712.0,2019.0,6780.0,143.0,1953.0,2390.0,753.5999755859375
2023-08-29,10804.0,2251.5,595.7000122070312,42.904998779296875,212.89999389648438,4061.0,2406.0,485.70001220703125,2611.0,4824.0,3306.5,1397.800048828125,72.69000244140625,984.7999877929688,71.0999984741211,1651.0,220.3000030517578,263.6000061035156,2093.0,149.9600067138672,1622.0,189.89999389648438,723.7999877929688,2746.0,2017.0,6958.0,145.0,1997.0,2432.0,776.0
2023-08-30,10734.0,2268.0,590.7000122070312,42.82500076293945,216.8000030517578,4065.5,2412.5,489.20001220703125,2626.5,4852.0,3320.5,1397.5999755859375,73.27999877929688,999.7999877929688,71.36000061035156,1630.5,219.5,264.20001220703125,,149.0399932861328,1640.0,189.85000610351562,720.0,2778.0,2021.0,6936.0,147.8000030517578,1992.0,2467.0,770.2000122070312
2023-08-31,10662.0,2274.0,583.0999755859375,42.35499954223633,222.3000030517578,4042.0,2411.5,487.5,2622.5,4872.5,3243.5,1388.800048828125,73.20999908447266,966.2000122070312,70.80000305175781,1626.5,218.6999969482422,265.70001220703125,2100.5,147.36000061035156,1640.0,191.0,711.5999755859375,2762.0,1993.0,6988.0,146.60000610351562,1992.5,2490.0,761.2000122070312
2023-09-01,10700.0,2304.0,588.2999877929688,42.1150016784668,219.10000610351562,4029.0,2444.5,500.79998779296875,2608.0,4972.5,3200.0,1387.5999755859375,73.5999984741211,969.7999877929688,70.63999938964844,1612.5,218.60000610351562,264.70001220703125,2136.0,149.05999755859375,1635.0,190.85000610351562,719.5999755859375,2768.0,1992.5,7028.0,151.39999389648438,1985.0,2430.0,766.0
2023-09-04,10690.0,2342.5,585.7999877929688,41.974998474121094,219.89999389648438,4026.0,2444.5,501.70001220703125,2581.5,5000.0,3182.0,1373.5999755859375,72.44999694824219,969.5999755859375,71.0,1609.0,216.3000030517578,263.79998779296875,2135.0,150.8000030517578,1640.5,190.35000610351562,709.4000244140625,2792.0,2010.0,7036.0,148.60000610351562,1989.5,2371.0,766.4000244140625
2023-09-05,10736.0,2336.0,587.5,41.7599983215332,219.1999969482422,3994.5,2469.0,511.5,2586.5,4975.0,3147.5,1381.4000244140625,73.44999694824219,954.7999877929688,70.87999725341797,1582.0,216.0,256.29998779296875,2101.5,149.63999938964844,1635.5,191.0,703.5999755859375,2757.0,2013.0,7042.0,144.8000030517578,1994.0,2394.0,754.4000244140625
2023-09-06,10606.0,2330.0,585.2999877929688,41.494998931884766,214.6999969482422,3981.5,2489.0,515.9000244140625,2583.5,4978.5,3175.5,1376.5999755859375,73.36000061035156,933.2000122070312,70.58000183105469,1590.0,213.89999389648438,257.0,2086.0,149.22000122070312,1650.0,191.75,702.4000244140625,2787.0,1986.5,7008.0,139.39999389648438,1957.5,2404.0,741.2000122070312
2023-09-07,10824.0,2223.0,584.7000122070312,41.029998779296875,223.8000030517578,4019.5,2502.0,514.7999877929688,2581.5,4847.0,3175.0,1388.199951171875,73.91999816894531,903.4000244140625,70.0,1617.5,213.60000610351562,255.5,2025.5,147.97999572753906,1655.0,193.8000030517578,705.2000122070312,2772.0,2001.0,6992.0,136.0,1967.5,2363.0,736.0
2023-09-08,10846.0,2207.0,584.4000244140625,41.34000015258789,220.39999389648438,4042.5,2502.5,517.2999877929688,2592.0,4834.5,3200.0,1444.199951171875,73.22000122070312,896.5999755859375,71.0,1626.5,216.60000610351562,258.6000061035156,2023.0,148.24000549316406,1658.5,193.60000610351562,705.5999755859375,2778.0,2049.0,7108.0,129.0,1984.0,2358.0,739.4000244140625
2023-09-11,10502.0,2256.0,590.0,41.58000183105469,223.60000610351562,4048.5,2510.0,517.2999877929688,2638.5,5001.0,3175.5,1468.800048828125,75.12999725341797,892.7999877929688,72.41999816894531,1624.5,220.0,259.70001220703125,2071.5,149.89999389648438,1663.0,198.25,715.0,2759.0,2024.0,7158.0,129.8000030517578,2001.0,2356.0,752.4000244140625
2023-09-12,10684.0,2265.5,597.2999877929688,42.47999954223633,224.39999389648438,4036.0,2530.0,522.7999877929688,2670.0,5002.0,3162.0,1466.5999755859375,77.37999725341797,891.0,72.72000122070312,1620.0,220.5,262.5,2091.5,153.5800018310547,1659.0,199.5,725.4000244140625,2757.0,2037.0,7278.0,129.0,2108.0,2369.0,754.5999755859375
2023-09-13,10582.0,2255.0,611.0,42.599998474121094,225.3000030517578,4033.0,2521.0,508.20001220703125,2673.5,4985.0,3148.0,1463.800048828125,78.83000183105469,906.7999877929688,72.33999633789062,1617.5,224.0,263.70001220703125,2100.0,157.24000549316406,1655.0,202.1999969482422,722.5999755859375,2763.0,2059.0,7178.0,129.39999389648438,2085.0,2388.0,760.7999877929688
2023-09-14,10814.0,2361.0,626.9000244140625,43.22999954223633,225.8000030517578,4063.5,2581.5,524.0999755859375,2707.5,5221.0,3168.5,1487.199951171875,79.94000244140625,929.2000122070312,72.30000305175781,1668.0,227.3000030517578,266.8999938964844,2262.5,160.0800018310547,1665.0,203.89999389648438,741.7999877929688,2810.0,2079.0,7134.0,129.0,2085.0,2425.0,773.4000244140625
2023-09-15,10940.0,2382.0,629.2999877929688,43.20000076293945,227.39999389648438,4103.5,2580.0,523.2000122070312,2702.0,5289.0,3162.0,1509.5999755859375,79.80999755859375,941.5999755859375,72.76000213623047,1668.5,229.3000030517578,270.70001220703125,2302.5,161.4600067138672,1680.0,203.39999389648438,743.2000122070312,2812.0,2072.0,7194.0,125.19999694824219,2081.0,2436.0,776.7999877929688
2023-09-18,10728.0,2361.5,623.0,42.154998779296875,224.39999389648438,4103.0,2591.0,519.2000122070312,2698.0,5238.0,3150.0,1505.4000244140625,79.43000030517578,914.2000122070312,70.5999984741211,1655.0,224.89999389648438,271.5,2268.0,158.8000030517578,1674.5,198.5,737.2000122070312,2768.0,2059.0,7112.0,120.4000015258789,2058.0,2429.0,765.0
2023-09-19,10616.0,2340.5,630.7000122070312,42.900001525878906,226.0,4078.5,2613.0,524.7999877929688,2720.0,5229.0,3162.0,1503.0,80.06999969482422,918.0,71.36000061035156,1658.5,226.39999389648438,273.1000061035156,2262.0,159.22000122070312,1662.5,199.39999389648438,743.0,2765.0,2049.0,7032.0,120.5999984741211,2085.0,2406.0,802.5999755859375
2023-09-20,10950.0,2354.0,633.4000244140625,44.560001373291016,223.6999969482422,4115.5,2594.5,523.4000244140625,2735.0,5284.0,3199.5,1534.4000244140625,81.0199966430664,923.7999877929688,72.54000091552734,1702.5,230.5,270.5,2296.0,159.5800018310547,1694.0,202.6999969482422,749.4000244140625,2789.0,2064.0,7106.0,118.80000305175781,2086.0,2415.0,815.7999877929688
2023-09-21,10886.0,2277.0,636.0999755859375,44.42499923706055,220.39999389648438,4135.0,2596.0,520.4000244140625,2725.5,5140.0,3139.5,1530.5999755859375,81.05999755859375,909.5999755859375,74.30000305175781,1698.5,229.10000610351562,269.5,2235.0,156.6999969482422,1671.5,201.3000030517578,753.4000244140625,2725.0,2046.0,7350.0,118.5999984741211,2090.0,2444.0,811.5999755859375
2023-09-22,11046.0,2334.0,643.0999755859375,45.34000015258789,220.60000610351562,4116.0,2607.5,525.7000122070312,2710.0,5183.0,3153.5,1527.800048828125,81.02999877929688,901.2000122070312,72.9800033569336,1674.0,226.5,270.8999938964844,2248.0,155.32000732421875,1659.5,202.8000030517578,750.0,2718.0,2017.0,7298.0,117.0,2069.0,2435.0,825.0
2023-09-25,11194.0,2301.5,638.5999755859375,44.75,219.8000030517578,4081.0,2605.0,527.2999877929688,2622.0,5085.0,3102.5,1535.800048828125,80.0,876.7999877929688,72.04000091552734,1651.5,224.10000610351562,268.79998779296875,2218.5,153.63999938964844,1666.5,204.3000030517578,749.0,2687.0,2005.0,7312.0,115.19999694824219,2059.0,2403.0,808.7999877929688
2023-09-26,11164.0,2283.5,639.2000122070312,44.92499923706055,219.6999969482422,4064.0,2599.5,530.9000244140625,2646.5,5054.0,3068.5,1532.199951171875,80.70999908447266,886.0,70.69999694824219,1659.5,225.1999969482422,270.1000061035156,2204.5,159.67999267578125,1600.0,207.10000610351562,756.4000244140625,2683.0,1992.5,7424.0,122.5999984741211,2089.0,2418.0,805.7999877929688
2023-09-27,11118.0,2298.0,639.9000244140625,44.56999969482422,218.8000030517578,4032.0,2629.5,538.5,2624.5,5074.0,3022.0,1518.5999755859375,79.31999969482422,890.0,70.4800033569336,1618.5,223.0,265.29998779296875,2196.0,158.1199951171875,1570.0,203.0,750.2000122070312,2661.0,1992.5,7388.0,116.5999984741211,2074.0,2379.0,792.4000244140625
2023-09-28,11006.0,2340.0,644.9000244140625,44.2599983215332,221.5,4034.5,2660.5,541.0999755859375,2570.5,5186.0,3038.0,1494.0,77.75,882.0,70.55999755859375,1602.0,221.8000030517578,264.6000061035156,2267.0,159.0800018310547,1622.0,196.5,756.7999877929688,2670.0,2006.0,7282.0,121.19999694824219,2058.0,2372.0,789.4000244140625
2023-09-29,11102.0,2339.5,644.9000244140625,44.369998931884766,220.89999389648438,4062.0,2606.0,531.4000244140625,2577.0,5174.0,3034.0,1492.0,76.81999969482422,888.7999877929688,70.62000274658203,1610.0,222.5,264.20001220703125,2265.5,158.94000244140625,1619.5,197.3000030517578,758.0,2691.0,2000.0,7296.0,124.0,2068.0,2377.0,773.2000122070312
2023-10-02,10950.0,2310.0,639.7999877929688,43.27000045776367,216.60000610351562,4024.5,2582.0,519.0999755859375,2531.0,5120.0,3008.0,1484.0,76.81999969482422,860.2000122070312,68.80000305175781,1552.5,215.6999969482422,261.79998779296875,2236.5,155.82000732421875,1601.0,194.5500030517578,753.7999877929688,2670.0,1995.5,7292.0,119.80000305175781,2057.0,2322.0,757.2000122070312
2023-10-03,10908.0,2279.5,645.2000122070312,42.814998626708984,212.10000610351562,4053.5,2577.5,515.7999877929688,2507.0,5035.0,3015.5,1485.199951171875,75.95999908447266,859.4000244140625,67.26000213623047,1520.5,212.89999389648438,259.6000061035156,2157.5,154.27999877929688,1618.0,193.0500030517578,749.7999877929688,2679.0,1985.5,7126.0,113.80000305175781,2027.0,2329.0,752.0
2023-10-04,10892.0,2259.138916015625,640.5,42.459999084472656,210.8000030517578,4012.5,2521.5,499.45001220703125,2463.5,4931.5,3033.5,1486.800048828125,75.16999816894531,856.7999877929688,66.36000061035156,1508.0,209.60000610351562,270.70001220703125,2141.5,153.8800048828125,1615.0,190.4499969482422,743.5999755859375,2687.0,2011.0,6972.0,111.19999694824219,1977.0,2323.0,752.2000122070312
2023-10-05,10902.0,2268.5,644.5,42.16999816894531,210.5,4030.5,2532.5,499.04998779296875,2508.5,4957.5,3055.5,1483.0,76.0999984741211,855.2000122070312,66.54000091552734,1514.5,210.39999389648438,280.3999938964844,2108.5,152.52000427246094,1613.0,191.5500030517578,749.4000244140625,2719.0,2043.0,7042.0,110.80000305175781,1990.0,2353.0,758.4000244140625
2023-10-06,10942.0,2315.0,654.7000122070312,42.625,208.8000030517578,3925.5,2581.5,505.6000061035156,2483.0,5008.0,3044.0,1499.4000244140625,74.80000305175781,867.5999755859375,67.5,1519.5,217.10000610351562,278.3999938964844,2151.0,154.75999450683594,1637.5,194.8000030517578,758.2000122070312,2763.0,2016.0,7214.0,106.4000015258789,1984.5,2375.0,767.5999755859375
2023-10-09,10856.0,2286.5,645.0,42.11000061035156,205.1999969482422,3909.5,2649.0,520.2999877929688,2506.0,4944.5,3050.5,1508.199951171875,76.0999984741211,868.2000122070312,66.9800033569336,1527.5,214.3000030517578,274.3999938964844,2148.5,152.02000427246094,1630.0,193.5500030517578,738.2000122070312,2731.0,2044.0,6900.0,105.80000305175781,1950.5,2372.0,741.5999755859375
2023-10-10,10978.0,2330.0,657.7999877929688,43.369998931884766,212.3000030517578,3953.5,2663.0,525.0999755859375,2540.5,5063.0,3094.5,1521.4000244140625,77.38999938964844,895.2000122070312,69.31999969482422,1569.0,219.10000610351562,280.3999938964844,2269.5,156.77999877929688,1643.5,197.85000610351562,758.7999877929688,2781.0,2063.0,7036.0,113.4000015258789,1989.0,2409.0,770.0
2023-10-11,10944.0,2323.5,659.0,43.275001525878906,213.10000610351562,3930.5,2646.0,520.2999877929688,2542.5,5055.0,3097.0,1519.199951171875,77.51000213623047,907.7999877929688,68.22000122070312,1587.5,220.10000610351562,281.1000061035156,2270.5,157.17999267578125,1643.5,201.10000610351562,758.2000122070312,2783.0,2082.0,6876.0,121.4000015258789,1967.0,2401.0,776.0
2023-10-12,11120.0,2321.5,657.9000244140625,43.41999816894531,211.8000030517578,3924.0,2681.0,536.0999755859375,2537.0,5078.0,3090.0,1519.800048828125,77.62000274658203,909.2000122070312,67.55999755859375,1576.0,220.89999389648438,279.20001220703125,2241.0,152.27999877929688,1628.0,201.39999389648438,756.4000244140625,2811.0,2085.0,6928.0,114.5999984741211,1971.5,2402.0,769.4000244140625
2023-10-13,10974.0,2330.0,652.5999755859375,43.22999954223633,213.1999969482422,,,547.7000122070312,2447.0,5073.0,3047.0,1510.0,77.26000213623047,884.0,65.04000091552734,1580.5,216.3000030517578,275.6000061035156,2242.0,153.0800018310547,1613.5,196.39999389648438,750.4000244140625,2776.0,2072.0,6854.0,117.4000015258789,1941.5,2415.0,739.7999877929688
2023-10-16,10972.0,2378.0,651.2999877929688,43.5099983215332,213.5,3938.0,2750.5,549.0,2486.0,5217.0,3084.0,1493.199951171875,77.45999908447266,898.5999755859375,67.12000274658203,1584.0,218.3000030517578,274.29998779296875,2282.0,153.25999450683594,1611.5,198.8000030517578,748.0,2751.0,2057.0,7090.0,115.19999694824219,1971.0,2413.0,761.7999877929688
2023-10-17,11270.0,2379.0,653.0,43.79999923706055,215.60000610351562,3975.5,2771.5,555.0,2491.5,5216.0,3103.5,1504.199951171875,77.55999755859375,888.2000122070312,67.76000213623047,1590.0,217.1999969482422,276.1000061035156,2267.5,154.8000030517578,1604.0,198.3000030517578,744.7999877929688,2741.0,2068.0,7182.0,118.4000015258789,1992.5,2434.0,744.0
2023-10-18,10612.0,2348.0,650.2999877929688,42.849998474121094,207.8000030517578,3987.5,2772.5,558.0,2506.5,5087.0,3104.5,1495.4000244140625,77.68000030517578,876.7999877929688,66.4800033569336,1582.5,215.10000610351562,275.29998779296875,2199.5,151.63999938964844,1586.0,199.8000030517578,743.7999877929688,2696.0,2055.0,7094.0,115.19999694824219,1968.0,2431.0,736.7999877929688
2023-10-19,10488.0,2320.0,641.2000122070312,41.880001068115234,205.60000610351562,3988.5,2758.0,552.9000244140625,2488.0,5052.0,3114.0,1451.199951171875,76.69000244140625,859.5999755859375,64.4000015258789,1587.0,211.8000030517578,273.8999938964844,2156.0,147.8000030517578,1542.0,198.4499969482422,735.5999755859375,2638.0,2046.0,6964.0,112.19999694824219,1941.0,2489.0,692.2000122070312
2023-10-20,10430.0,2266.0,615.9000244140625,41.584999084472656,198.9499969482422,3990.0,2727.5,545.4000244140625,2455.0,4930.5,3092.5,1462.0,75.69999694824219,830.2000122070312,63.880001068115234,1575.0,208.1999969482422,272.70001220703125,2061.0,144.86000061035156,1526.0,193.1999969482422,722.2000122070312,2642.0,2042.0,6834.0,114.5999984741211,1929.5,2435.0,700.0
2023-10-23,10100.0,2252.5,612.5,41.415000915527344,203.5,3988.0,2730.5,532.2000122070312,2449.0,4890.5,3085.0,1462.4000244140625,74.81999969482422,830.5999755859375,64.55999755859375,1566.5,208.1999969482422,272.0,2031.5,144.0399932861328,1549.5,195.10000610351562,717.4000244140625,2687.0,2052.0,6958.0,117.5999984741211,1949.0,2435.0,695.2000122070312
2023-10-24,10438.0,2301.5,612.7999877929688,40.57500076293945,204.39999389648438,3985.0,2716.5,534.4000244140625,2442.5,5060.0,3119.0,1470.0,75.44000244140625,834.5999755859375,64.0999984741211,1596.0,205.8000030517578,272.6000061035156,2069.0,134.63999938964844,1551.0,193.5500030517578,709.2000122070312,2411.0,2033.0,6928.0,115.4000015258789,1952.0,2449.0,690.4000244140625
2023-10-25,10546.0,2353.0,615.0999755859375,41.459999084472656,203.0,4013.5,2718.0,534.7000122070312,2463.0,5157.0,3143.5,1483.199951171875,73.9000015258789,832.5999755859375,62.41999816894531,1608.0,206.6999969482422,272.29998779296875,2078.5,133.22000122070312,1558.5,192.3000030517578,714.0,2426.0,2046.0,6864.0,112.0,1966.5,2474.0,692.7999877929688
2023-10-26,10392.0,2338.0,609.0999755859375,41.16999816894531,200.5,3900.0,2688.5,533.7999877929688,2458.0,5145.0,3109.5,1474.4000244140625,74.80999755859375,829.5999755859375,62.02000045776367,1613.5,208.0,273.1000061035156,2083.0,132.24000549316406,1568.5,195.6999969482422,625.2000122070312,2401.0,2075.0,6816.0,110.0,1956.5,2458.0,698.5999755859375
2023-10-27,10124.0,2358.5,601.0,39.755001068115234,200.39999389648438,3821.0,2700.5,530.5,2403.0,5200.0,3025.0,1433.199951171875,76.0999984741211,843.2000122070312,62.20000076293945,1606.5,207.5,272.3999938964844,2088.5,129.1999969482422,1570.0,192.8000030517578,610.5999755859375,2390.0,2060.0,6822.0,110.5999984741211,1950.0,2434.0,705.0
2023-10-30,10218.0,2364.5,587.2999877929688,40.03499984741211,202.0,3862.5,2687.0,526.7000122070312,2449.5,5239.0,3087.0,1452.4000244140625,76.7300033569336,861.7999877929688,63.68000030517578,1620.0,209.5,270.0,2098.0,130.66000366210938,1600.0,197.0,620.4000244140625,2435.0,2070.0,6838.0,114.0,1986.5,2440.0,704.5999755859375
2023-10-31,10250.0,2338.0,592.2999877929688,39.939998626708984,215.39999389648438,3889.0,2646.5,502.6000061035156,2454.0,5255.0,3107.0,1457.4000244140625,75.69999694824219,857.7999877929688,63.86000061035156,1633.0,211.39999389648438,269.70001220703125,2096.5,131.60000610351562,1613.5,198.1999969482422,630.0,2491.0,2073.0,6884.0,110.19999694824219,2026.0,2443.0,706.5999755859375
2023-11-01,10336.0,2361.5,590.0999755859375,40.14500045776367,220.3000030517578,3886.5,2657.0,494.3999938964844,2475.0,5262.0,3137.0,1423.0,75.12999725341797,858.0,63.58000183105469,1653.0,214.8000030517578,271.0,2083.5,129.33999633789062,1609.0,198.4499969482422,611.5999755859375,2489.0,2096.0,7132.0,111.5999984741211,2078.0,2493.0,710.4000244140625
2023-11-02,10362.0,2409.0,601.2999877929688,41.775001525878906,223.60000610351562,3901.5,2768.0,498.6000061035156,2511.0,5354.0,3184.5,1396.0,77.22000122070312,871.5999755859375,65.13999938964844,1683.5,222.5,274.0,2155.5,133.24000549316406,1624.5,204.1999969482422,620.7999877929688,2608.0,2102.0,7250.0,116.19999694824219,2105.0,2497.0,727.0
2023-11-03,10270.0,2389.0,602.2000122070312,42.435001373291016,220.89999389648438,3854.5,2652.5,489.8500061035156,2526.5,5330.0,3193.0,1395.5999755859375,78.70999908447266,899.4000244140625,66.77999877929688,1691.0,222.6999969482422,275.79998779296875,2208.0,136.33999633789062,1629.0,202.60000610351562,619.2000122070312,2649.0,2052.0,7330.0,125.5999984741211,2124.0,2491.0,750.5999755859375
2023-11-06,10276.0,2380.5,609.2999877929688,42.130001068115234,224.10000610351562,3854.5,2673.5,491.5,2513.5,5335.0,3177.5,1405.0,78.86000061035156,899.5999755859375,65.69999694824219,1671.0,222.10000610351562,275.8999938964844,2218.0,136.3000030517578,1612.0,204.60000610351562,632.0,2611.0,2056.0,7206.0,119.5999984741211,2106.0,2480.0,730.7999877929688
2023-11-07,10230.0,2338.5,608.2999877929688,42.04999923706055,226.0,3890.0,2626.0,481.04998779296875,2522.0,5231.0,3188.0,1424.800048828125,78.16999816894531,902.0,65.5999984741211,1661.5,221.8000030517578,277.0,2139.5,136.22000122070312,1621.5,203.6999969482422,622.4000244140625,2645.0,2050.0,7328.0,120.19999694824219,2250.0,2509.0,727.7999877929688
2023-11-08,10170.0,2325.0,607.2999877929688,41.9900016784668,232.39999389648438,3904.0,2596.5,477.1499938964844,2526.5,5203.0,3220.5,1426.199951171875,77.0199966430664,891.4000244140625,61.68000030517578,1627.5,220.6999969482422,278.0,2095.5,136.02000427246094,1630.0,204.1999969482422,619.7999877929688,2659.0,2075.0,7338.0,125.0,2307.0,2538.0,710.7999877929688
2023-11-09,10436.0,2370.5,603.0999755859375,42.279998779296875,232.8000030517578,3984.5,2615.0,475.3500061035156,2533.5,5262.0,3245.0,1415.4000244140625,77.58000183105469,902.2000122070312,61.79999923706055,1661.5,222.89999389648438,279.29998779296875,2076.0,136.97999572753906,1649.5,205.89999389648438,627.2000122070312,2730.0,2080.0,7416.0,126.0,2335.0,2562.0,722.4000244140625
2023-11-10,10090.0,2361.0,599.2000122070312,41.75,232.0,3949.0,2629.5,477.8500061035156,2477.0,5259.0,2850.0,1398.4000244140625,76.37999725341797,882.4000244140625,59.720001220703125,1680.0,220.5,277.70001220703125,2018.5,135.5800018310547,1633.0,203.60000610351562,621.7999877929688,2683.0,2082.0,7382.0,122.4000015258789,2330.0,2550.0,713.4000244140625
2023-11-13,10248.0,2380.5,607.9000244140625,42.02000045776367,240.1999969482422,3948.0,2656.5,484.70001220703125,2542.5,5300.0,2888.5,1407.199951171875,77.4000015258789,898.4000244140625,59.52000045776367,1676.5,225.10000610351562,281.5,2031.5,136.74000549316406,1639.0,207.60000610351562,628.4000244140625,2641.0,2100.0,7532.0,127.0,2343.0,2568.0,719.4000244140625
2023-11-14,10186.0,2422.5,604.9000244140625,42.255001068115234,239.0,3913.5,2620.5,480.95001220703125,2520.0,5412.0,2898.5,1383.4000244140625,73.11000061035156,923.5999755859375,59.91999816894531,1711.5,226.8000030517578,278.6000061035156,2143.5,138.4600067138672,1647.0,202.8000030517578,627.4000244140625,2681.0,2057.0,7636.0,126.80000305175781,2336.0,2551.0,742.7999877929688
2023-11-15,10090.0,2440.0,617.0,43.095001220703125,243.60000610351562,3892.5,2635.5,482.1000061035156,2518.0,5432.0,2845.5,1392.800048828125,72.69000244140625,939.0,61.31999969482422,1751.0,229.10000610351562,273.5,2210.5,139.8800048828125,1649.5,204.39999389648438,637.5999755859375,2883.0,2079.0,7730.0,127.5999984741211,2356.0,2578.0,754.0
2023-11-16,10166.0,2424.5,608.7999877929688,42.775001525878906,244.5,3835.5,2555.5,468.3999938964844,2499.0,5398.0,2792.5,1382.0,73.22000122070312,917.5999755859375,60.099998474121094,1771.0,226.10000610351562,275.29998779296875,2176.0,139.0399932861328,1635.0,203.1999969482422,630.2000122070312,2904.0,2082.0,7626.0,134.0,2354.0,2555.0,710.0
2023-11-17,10260.0,2442.0,615.4000244140625,43.375,244.0,3816.0,2608.5,477.70001220703125,2521.5,5446.0,2809.5,1410.5999755859375,75.05000305175781,945.0,61.91999816894531,1795.0,229.60000610351562,276.0,2234.0,142.8000030517578,1652.5,205.1999969482422,660.0,2933.0,2092.0,7714.0,130.0,2380.0,2599.0,725.5999755859375
2023-11-20,10106.0,2459.0,616.2000122070312,43.04999923706055,245.5,3776.0,2641.0,480.45001220703125,2525.0,5514.0,2803.5,1408.0,74.76000213623047,940.0,61.380001068115234,1789.0,232.0,274.70001220703125,2253.5,142.5399932861328,1639.0,206.0,664.5999755859375,2941.0,2050.0,7716.0,125.5999984741211,2344.0,2622.0,720.4000244140625
2023-11-21,10192.0,2489.0,613.2999877929688,42.54999923706055,243.0,3804.5,2613.0,476.54998779296875,2526.5,5532.0,2798.5,1417.4000244140625,74.51000213623047,919.4000244140625,60.099998474121094,1789.5,229.0,276.5,2236.5,141.72000122070312,1627.5,203.60000610351562,662.0,2937.0,2048.0,7712.0,123.19999694824219,2360.0,2692.0,711.7999877929688
2023-11-22,10086.0,2480.0,606.7000122070312,42.29999923706055,237.5,3822.0,2556.5,466.1499938964844,2555.0,5509.0,2835.0,1411.199951171875,74.91999816894531,915.0,60.29999923706055,1790.0,227.60000610351562,279.79998779296875,2238.0,139.97999572753906,1638.0,203.1999969482422,657.4000244140625,2922.0,2078.0,7730.0,125.4000015258789,2370.0,2690.0,706.7999877929688
2023-11-23,10174.0,2469.0,611.7000122070312,42.345001220703125,240.6999969482422,3787.0,2586.0,473.5,2556.5,5502.0,2825.0,1421.0,70.87000274658203,918.0,61.08000183105469,1806.0,227.60000610351562,280.0,2231.5,140.24000549316406,1644.5,203.10000610351562,666.2000122070312,2917.0,2091.0,7736.0,122.4000015258789,2372.0,2696.0,700.0
2023-11-24,10180.0,2460.5,609.5,42.474998474121094,241.0,3800.0,2595.0,476.5,2555.0,5486.0,2824.0,1422.5999755859375,71.73999786376953,921.5999755859375,61.29999923706055,1820.0,229.0,283.79998779296875,2216.5,141.63999938964844,1646.0,204.0,667.4000244140625,2911.0,2070.0,7794.0,122.5999984741211,2372.0,2664.0,709.2000122070312
2023-11-27,9976.0,2437.0,607.4000244140625,42.04999923706055,243.1999969482422,3801.5,2570.5,475.04998779296875,2549.0,5462.0,2808.5,1414.199951171875,71.04000091552734,908.7999877929688,61.52000045776367,1825.5,228.10000610351562,284.6000061035156,2205.0,140.1999969482422,1645.0,204.5,667.4000244140625,2919.0,2065.0,7824.0,124.80000305175781,2378.0,2709.0,707.5999755859375
2023-11-28,9900.0,2426.5,607.2000122070312,42.45000076293945,258.29998779296875,3786.0,2580.5,475.0,2550.0,5432.0,2774.5,1411.800048828125,70.86000061035156,885.4000244140625,59.84000015258789,1825.0,225.1999969482422,283.79998779296875,2204.0,140.1199951171875,1639.5,204.8000030517578,662.2000122070312,2903.0,2071.0,7900.0,118.0,2373.0,2709.0,703.4000244140625
2023-11-29,10032.0,2394.5,594.7999877929688,43.45000076293945,263.3999938964844,3753.5,2553.5,471.95001220703125,2514.5,5400.0,2740.0,1401.0,70.80999755859375,854.2000122070312,60.18000030517578,1830.5,228.5,284.3999938964844,2138.5,140.3000030517578,1636.5,210.39999389648438,640.4000244140625,2918.0,2017.0,7930.0,113.5999984741211,2388.0,2703.0,710.4000244140625
2023-11-30,10126.0,2404.0,602.0999755859375,43.470001220703125,268.79998779296875,3769.5,2560.0,479.1000061035156,2512.0,5399.0,2763.5,1419.4000244140625,71.33000183105469,863.0,60.119998931884766,1832.5,229.3000030517578,285.79998779296875,2142.0,141.0399932861328,1648.0,209.1999969482422,653.2000122070312,2903.0,2003.0,7930.0,110.19999694824219,2378.0,2701.0,718.4000244140625
2023-12-01,10198.0,2474.5,604.0999755859375,44.4900016784668,276.70001220703125,3780.5,2568.0,478.3999938964844,2508.0,5599.0,2816.0,1436.0,71.66999816894531,868.7999877929688,59.7599983215332,1845.0,227.5,279.6000061035156,2311.0,142.36000061035156,1659.5,211.1999969482422,652.5999755859375,2924.0,2026.0,8042.0,114.0,2385.0,2706.0,712.2000122070312
2023-12-04,10266.0,2434.0,604.0999755859375,45.130001068115234,285.3999938964844,3817.0,2536.5,471.95001220703125,2523.5,5448.0,2804.0,1455.4000244140625,71.30000305175781,864.2000122070312,60.13999938964844,1850.0,227.39999389648438,281.20001220703125,2224.5,142.97999572753906,1640.0,208.0,653.2000122070312,2935.0,2047.0,8098.0,115.19999694824219,2392.0,2718.0,710.0
2023-12-05,10144.0,2417.0,603.4000244140625,45.0099983215332,284.70001220703125,3802.0,2526.0,471.8999938964844,2487.5,5420.0,2812.5,1439.5999755859375,71.55999755859375,853.4000244140625,60.540000915527344,1872.5,228.0,284.1000061035156,2155.0,139.4600067138672,1642.5,207.3000030517578,645.7999877929688,2967.0,2050.0,8106.0,123.0,2404.0,2742.0,717.5999755859375
2023-12-06,10130.0,2461.0,614.7000122070312,45.80500030517578,288.6000061035156,3803.0,2490.0,465.95001220703125,2279.5,5492.0,2774.5,1440.0,72.19000244140625,884.0,61.2400016784668,1870.0,235.6999969482422,286.70001220703125,2199.0,140.24000549316406,1641.5,211.3000030517578,663.4000244140625,3040.0,2042.0,8124.0,121.80000305175781,2425.0,2775.0,735.0
2023-12-07,10098.0,2485.0,612.4000244140625,45.71500015258789,286.20001220703125,3808.0,2481.0,460.25,2306.5,5568.0,2762.0,1432.5999755859375,69.80000305175781,874.0,61.2400016784668,1870.0,239.6999969482422,288.5,2224.5,140.13999938964844,1646.5,211.3000030517578,650.0,3042.0,2072.0,8010.0,125.5999984741211,2429.0,2775.0,739.0
2023-12-08,10122.0,2493.0,619.2000122070312,46.334999084472656,289.29998779296875,3786.5,2520.5,468.25,2316.5,5583.0,2829.0,1434.4000244140625,69.25,889.5999755859375,60.900001525878906,1882.5,240.89999389648438,287.8999938964844,1802.5999755859375,143.27999877929688,1675.0,212.89999389648438,660.0,3081.0,2062.0,8002.0,126.5999984741211,2422.0,2801.0,748.4000244140625
2023-12-11,10096.0,2465.0,616.4000244140625,46.1150016784668,296.8999938964844,3779.5,2516.5,467.25,2292.5,5484.0,2809.5,1447.4000244140625,68.55000305175781,896.5999755859375,61.540000915527344,1850.0,240.3000030517578,290.5,1789.0,142.5,1695.0,215.60000610351562,647.0,3121.0,2065.0,8142.0,121.0,2455.0,2798.0,765.2000122070312
2023-12-12,10172.0,2475.0,618.7999877929688,45.900001525878906,304.70001220703125,3786.5,2499.0,460.95001220703125,2294.0,5517.0,2810.0,1449.4000244140625,67.11000061035156,881.2000122070312,61.70000076293945,1845.5,244.6999969482422,289.29998779296875,1696.0,141.67999267578125,1707.0,216.6999969482422,639.4000244140625,3138.0,2075.0,8108.0,125.5999984741211,2444.0,2760.0,714.2000122070312
2023-12-13,10390.0,2486.0,617.2000122070312,46.185001373291016,301.79998779296875,3798.5,2494.0,459.8500061035156,2289.0,5496.0,2810.0,1455.800048828125,65.13999938964844,864.5999755859375,60.880001068115234,1870.0,241.89999389648438,289.0,1670.199951171875,141.0800018310547,1699.0,216.60000610351562,637.5999755859375,3139.0,2108.0,8094.0,121.80000305175781,2441.0,2756.0,711.4000244140625
2023-12-14,10468.0,2559.0,616.2999877929688,47.540000915527344,300.0,3763.0,2520.0,465.8999938964844,2361.0,5653.0,2869.0,1461.800048828125,66.44999694824219,883.2000122070312,63.7400016784668,1896.0,245.89999389648438,288.1000061035156,1795.4000244140625,150.0,1729.0,218.8000030517578,655.0,3229.0,2115.0,8170.0,126.0,2390.0,2672.0,748.2000122070312
2023-12-15,10186.0,2584.0,609.0,47.01499938964844,290.1000061035156,3755.5,2503.0,457.8500061035156,2311.5,5698.0,2833.5,1419.199951171875,64.72000122070312,876.0,63.18000030517578,1873.0,246.5,282.70001220703125,1824.0,146.63999938964844,1731.5,219.39999389648438,642.5999755859375,3199.0,2093.0,8154.0,129.39999389648438,2370.0,2655.0,720.5999755859375
2023-12-18,10356.0,2611.0,612.7999877929688,47.0,292.3999938964844,3764.5,2537.0,465.20001220703125,2324.0,5765.0,2847.5,1442.5999755859375,67.2300033569336,864.0,62.939998626708984,1847.5,244.89999389648438,283.5,1821.4000244140625,146.5,1725.5,218.89999389648438,645.7999877929688,3202.0,2087.0,8090.0,132.39999389648438,2359.0,2670.0,718.7999877929688
2023-12-19,10346.0,2642.0,613.0999755859375,46.724998474121094,295.0,3762.5,2542.5,463.6499938964844,2321.5,5786.0,2838.5,1432.800048828125,66.8499984741211,863.5999755859375,63.220001220703125,1840.5,245.6999969482422,286.1000061035156,1891.5999755859375,147.66000366210938,1732.5,219.39999389648438,658.0,3203.0,2084.0,8106.0,130.60000610351562,2379.0,2680.0,720.5999755859375
2023-12-20,10484.0,2637.0,619.4000244140625,47.46500015258789,298.8999938964844,3789.0,2581.0,467.0,2336.0,5783.0,2857.0,1445.199951171875,67.4800033569336,870.4000244140625,64.9000015258789,1851.5,251.1999969482422,288.6000061035156,1912.0,151.63999938964844,1757.5,222.5,661.7999877929688,3211.0,2121.0,8220.0,144.60000610351562,2377.0,2714.0,726.7999877929688
2023-12-21,10480.0,2665.0,622.5,47.189998626708984,299.79998779296875,3779.0,2557.0,466.25,2284.5,5812.0,2849.0,1450.0,69.0,873.7999877929688,63.959999084472656,1850.0,248.60000610351562,287.29998779296875,1924.0,151.4199981689453,1760.5,221.6999969482422,655.0,3191.0,2115.0,8198.0,137.0,2375.0,2673.0,720.2000122070312
2023-12-22,10436.0,2659.5,627.7999877929688,48.04499816894531,302.3999938964844,3787.0,2566.5,467.20001220703125,2290.0,5839.0,2841.5,1449.5999755859375,69.16000366210938,862.0,63.36000061035156,1852.0,250.10000610351562,286.70001220703125,1931.800048828125,151.77999877929688,1766.5,223.6999969482422,652.0,3185.0,2120.0,8210.0,134.60000610351562,2366.0,2685.0,715.0
2023-12-27,10528.0,2674.0,631.5,48.130001068115234,298.79998779296875,3787.5,2556.0,467.20001220703125,2286.0,5825.0,2853.5,1449.5999755859375,68.55999755859375,872.4000244140625,63.84000015258789,1852.0,251.3000030517578,289.20001220703125,1975.800048828125,153.66000366210938,1765.5,225.10000610351562,659.0,3215.0,2135.0,8134.0,143.60000610351562,2372.0,2711.0,730.0
2023-12-28,10574.0,2698.0,631.5999755859375,47.970001220703125,298.1000061035156,3812.5,2549.0,465.20001220703125,2282.5,5860.0,2848.5,1461.199951171875,68.30999755859375,878.2000122070312,63.29999923706055,1856.5,251.3000030517578,289.0,1984.800048828125,153.5,1763.0,224.6999969482422,655.2000122070312,3208.0,2144.0,8148.0,139.8000030517578,2369.0,2706.0,723.7999877929688
2023-12-29,10600.0,2689.5,635.5,47.709999084472656,299.70001220703125,3800.0,2571.5,466.1499938964844,2295.5,5842.0,2856.0,1450.199951171875,68.55999755859375,887.2000122070312,63.279998779296875,1856.0,251.10000610351562,290.5,1970.5999755859375,153.77999877929688,1763.5,222.39999389648438,666.5999755859375,3202.0,2146.0,8118.0,145.8000030517578,2367.0,2684.0,734.0
2024-01-02,10788.0,2700.0,630.5,48.06999969482422,298.1000061035156,3824.5,2575.5,471.0,2331.5,5891.0,2819.5,1479.800048828125,69.76000213623047,856.2000122070312,62.959999084472656,1838.0,248.5,293.1000061035156,1968.199951171875,155.27999877929688,1738.5,224.1999969482422,658.7999877929688,3122.0,2137.0,8042.0,136.0,2371.0,2681.0,713.0
2024-01-03,10740.0,2646.0,625.4000244140625,47.45500183105469,294.79998779296875,3853.0,2593.0,471.95001220703125,2333.0,5778.0,2787.0,1520.4000244140625,69.51000213623047,831.0,62.91999816894531,1830.0,244.39999389648438,297.79998779296875,1869.0,153.1199951171875,1711.0,221.60000610351562,647.2000122070312,3057.0,2142.0,8082.0,132.60000610351562,2370.0,2684.0,709.0
2024-01-04,10864.0,2626.5,632.5,47.564998626708984,297.79998779296875,3842.5,2594.5,473.45001220703125,2366.5,5754.0,2808.5,1539.800048828125,70.44999694824219,835.5999755859375,63.5,1846.0,246.1999969482422,302.3999938964844,1873.199951171875,155.5800018310547,1720.0,224.60000610351562,651.4000244140625,3051.0,2133.0,8550.0,138.8000030517578,2374.0,2700.0,727.0
2024-01-05,10758.0,2599.0,634.2999877929688,47.2599983215332,296.6000061035156,3829.0,2571.0,473.8500061035156,2360.0,5700.0,2765.0,1541.199951171875,70.4000015258789,820.7999877929688,63.119998931884766,1858.0,243.8000030517578,300.8999938964844,1870.800048828125,155.60000610351562,1701.0,225.0,651.5999755859375,3092.0,2135.0,8466.0,143.0,2346.0,2688.0,722.2000122070312
2024-01-08,10772.0,2573.5,640.0,47.564998626708984,305.20001220703125,3832.0,2491.0,461.45001220703125,2371.0,5685.0,2770.5,1549.0,69.9800033569336,841.5999755859375,64.05999755859375,1860.0,250.60000610351562,303.5,1846.800048828125,154.82000732421875,1700.5,227.39999389648438,650.0,3145.0,2157.0,8506.0,140.0,2363.0,2721.0,732.4000244140625
2024-01-09,10902.0,2543.0,634.5,47.599998474121094,308.79998779296875,3860.0,2481.0,459.3500061035156,2373.0,5572.0,2767.5,1576.199951171875,70.01000213623047,845.7999877929688,63.7400016784668,1883.5,250.6999969482422,300.5,1823.800048828125,154.27999877929688,1690.5,226.3000030517578,637.0,3120.0,2173.0,8426.0,143.8000030517578,2350.0,2722.0,723.2000122070312
2024-01-10,10900.0,2508.0,630.7000122070312,46.994998931884766,309.20001220703125,3832.0,2447.5,456.45001220703125,2352.5,5505.0,2787.5,1570.800048828125,68.62000274658203,838.7999877929688,62.439998626708984,1863.0,249.39999389648438,296.3999938964844,1823.199951171875,152.63999938964844,1691.5,224.5,626.4000244140625,3145.0,2184.0,8544.0,138.8000030517578,2336.0,2569.0,737.5999755859375
2024-01-11,10830.0,2481.5,611.4000244140625,45.2400016784668,297.0,3795.5,2444.5,454.20001220703125,2349.5,5452.0,2815.5,1556.4000244140625,67.11000061035156,824.0,59.91999816894531,1805.0,247.6999969482422,292.3999938964844,1839.800048828125,145.5800018310547,1678.0,219.89999389648438,613.4000244140625,3113.0,2184.0,8456.0,137.1999969482422,2254.0,2571.0,744.4000244140625
2024-01-12,10862.0,2485.0,610.0999755859375,44.97999954223633,305.0,3845.5,2461.0,454.1499938964844,2348.0,5486.0,2805.5,1573.0,67.4800033569336,823.2000122070312,59.79999923706055,1795.5,251.3000030517578,296.8999938964844,1846.199951171875,145.5399932861328,1693.5,222.5,613.5999755859375,3166.0,2178.0,8562.0,142.39999389648438,2265.0,2582.0,732.4000244140625
2024-01-15,10852.0,2455.0,596.4000244140625,43.82500076293945,300.0,3817.0,2460.0,453.0,2350.0,5440.0,2805.0,1580.0,67.16000366210938,815.7999877929688,60.68000030517578,1789.5,252.5,300.6000061035156,1824.800048828125,144.97999572753906,1684.5,222.5,605.0,3126.0,2190.0,8484.0,144.0,2283.0,2625.0,729.4000244140625
2024-01-16,10646.0,2427.5,593.5,43.1150016784668,298.20001220703125,3814.0,2435.5,452.29998779296875,2349.0,5465.0,2797.5,1581.800048828125,67.4000015258789,805.2000122070312,59.47999954223633,1766.5,247.5,302.29998779296875,1792.199951171875,141.39999389648438,1677.5,220.6999969482422,589.2000122070312,3200.0,2220.0,8558.0,146.60000610351562,2278.0,2620.0,736.0
2024-01-17,10446.0,2383.0,587.7000122070312,42.27000045776367,296.6000061035156,3761.0,2378.5,448.5,2319.5,5382.0,2749.0,1575.5999755859375,66.86000061035156,773.4000244140625,59.2599983215332,1740.0,240.60000610351562,299.6000061035156,1750.0,140.67999267578125,1658.5,217.39999389648438,575.0,3181.0,2192.0,8414.0,142.0,2251.0,2561.0,723.0
2024-01-18,10432.0,2365.5,589.5,42.5,306.5,3708.5,2374.0,444.25,2289.0,5435.0,2732.5,1555.5999755859375,65.91000366210938,787.0,60.41999816894531,1736.0,244.89999389648438,296.1000061035156,1786.5999755859375,140.72000122070312,1672.0,218.1999969482422,576.7999877929688,3196.0,2175.0,8386.0,137.0,2270.0,2501.0,750.5999755859375
2024-01-19,10508.0,2360.0,588.4000244140625,42.665000915527344,305.0,3711.0,2370.5,445.79998779296875,2307.5,5379.0,2715.5,1563.5999755859375,67.63999938964844,788.0,59.7400016784668,1757.0,246.6999969482422,296.0,1773.5999755859375,141.0399932861328,1646.0,218.39999389648438,576.0,3183.0,2170.0,8298.0,144.39999389648438,2238.0,2528.0,735.7999877929688
2024-01-22,10590.0,2363.5,597.2000122070312,43.41999816894531,308.8999938964844,3694.0,2361.5,446.04998779296875,2334.5,5288.0,,1555.800048828125,68.12999725341797,796.4000244140625,60.619998931884766,1745.5,250.60000610351562,298.3999938964844,1751.199951171875,144.94000244140625,1660.5,222.39999389648438,580.5999755859375,3223.0,2165.0,8400.0,148.8000030517578,2268.0,2559.0,738.4000244140625
2024-01-23,10452.0,2410.0,598.7999877929688,43.060001373291016,301.79998779296875,3735.0,2375.5,451.20001220703125,2295.0,5410.0,2685.5,1554.199951171875,69.13999938964844,816.0,60.97999954223633,1739.5,250.1999969482422,298.79998779296875,1789.5999755859375,146.77999877929688,1636.5,221.39999389648438,605.7999877929688,3221.0,2109.0,8296.0,148.60000610351562,2285.0,2485.0,735.5999755859375
2024-01-24,10454.0,2446.5,604.9000244140625,42.154998779296875,307.1000061035156,3724.0,2379.0,452.95001220703125,2313.5,5494.0,2699.5,1554.800048828125,68.91000366210938,833.5999755859375,61.15999984741211,1740.0,253.39999389648438,298.79998779296875,1860.800048828125,147.33999633789062,1650.5,224.60000610351562,609.4000244140625,3246.0,2120.0,8386.0,145.60000610351562,2325.0,2502.0,746.2000122070312
2024-01-25,10448.0,2423.0,604.9000244140625,41.525001525878906,306.5,3728.0,2391.0,455.6499938964844,2292.5,5481.0,2710.0,1521.199951171875,68.12000274658203,834.2000122070312,61.040000915527344,1739.0,252.6999969482422,298.79998779296875,1825.199951171875,145.3800048828125,1650.0,225.60000610351562,592.5999755859375,3241.0,2144.0,8494.0,146.8000030517578,2354.0,2510.0,743.0
2024-01-26,10546.0,2415.5,616.9000244140625,42.099998474121094,305.3999938964844,3823.5,2429.5,461.70001220703125,2333.0,5549.0,2849.0,1537.0,70.76000213623047,858.2000122070312,61.7599983215332,1698.0,255.5,293.5,1888.199951171875,149.24000549316406,1656.5,226.8000030517578,606.0,3258.0,2147.0,8508.0,156.0,2384.0,2517.0,764.5999755859375
2024-01-29,10568.0,2426.0,617.0,42.279998779296875,304.0,3826.0,2452.0,465.79998779296875,2355.0,5578.0,2841.5,1533.5999755859375,69.30000305175781,831.4000244140625,59.91999816894531,1674.5,253.8000030517578,292.5,1895.0,147.5399932861328,1639.0,226.0,602.4000244140625,3257.0,2150.0,8508.0,145.0,2365.0,2490.0,758.4000244140625
2024-01-30,10586.0,2419.5,621.2000122070312,43.01499938964844,307.1000061035156,3855.5,2474.0,468.70001220703125,2352.0,5512.0,2860.0,1537.800048828125,68.75,833.5999755859375,59.599998474121094,1678.0,256.29998779296875,292.1000061035156,1891.800048828125,150.25999450683594,1642.0,229.6999969482422,603.2000122070312,3313.0,2181.0,8644.0,141.1999969482422,2381.0,2500.0,761.5999755859375
2024-01-31,10500.0,2430.0,618.2000122070312,42.53499984741211,301.20001220703125,3847.0,2447.0,462.45001220703125,2338.5,5503.0,2860.5,1568.0,67.31999969482422,818.4000244140625,60.0,1685.0,255.0,286.6000061035156,1896.5999755859375,148.4199981689453,1622.5,224.10000610351562,598.7999877929688,3296.0,2178.0,8468.0,137.1999969482422,2341.0,2515.0,765.7999877929688
2024-02-01,10430.0,2421.0,611.2000122070312,42.33000183105469,298.79998779296875,3855.5,2506.0,465.6499938964844,2339.5,5487.0,2905.0,1586.199951171875,67.2699966430664,806.2000122070312,58.939998626708984,1670.5,250.89999389648438,282.8999938964844,1878.5999755859375,146.0399932861328,1630.5,219.39999389648438,597.2000122070312,3322.0,2143.0,8302.0,133.8000030517578,2281.0,2499.0,758.4000244140625
2024-02-02,10360.0,2409.0,614.0999755859375,42.314998626708984,310.20001220703125,3865.0,2471.5,458.70001220703125,2365.0,5409.0,2936.5,1611.199951171875,68.5999984741211,814.2000122070312,58.91999816894531,1668.5,253.5,290.79998779296875,1835.5999755859375,150.72000122070312,1625.5,220.60000610351562,595.0,3304.0,2132.0,8312.0,123.0,2255.0,2474.0,778.5999755859375
2024-02-05,10360.0,2369.5,619.2000122070312,41.88999938964844,309.79998779296875,3918.0,2471.0,454.1499938964844,2378.0,5349.0,2984.0,1662.5999755859375,66.33000183105469,817.7999877929688,58.58000183105469,1679.0,249.3000030517578,289.79998779296875,1810.0,145.67999267578125,1616.0,218.8000030517578,594.0,3274.0,2152.0,8244.0,118.4000015258789,2246.0,2502.0,776.5999755859375
2024-02-06,10534.0,2381.5,632.0,41.880001068115234,317.79998779296875,3959.0,2489.0,478.95001220703125,2362.0,5394.0,2971.5,1653.0,66.2300033569336,849.2000122070312,59.0,1669.5,251.5,289.8999938964844,1822.5999755859375,146.3000030517578,1630.5,220.60000610351562,599.7999877929688,3297.0,2168.0,8366.0,115.5999984741211,2273.0,2488.0,786.0
2024-02-07,10490.0,2383.0,627.2000122070312,41.58000183105469,322.8999938964844,3901.5,2471.0,474.6000061035156,2319.0,5378.0,2940.0,1672.5999755859375,63.599998474121094,830.2000122070312,57.70000076293945,1653.0,244.10000610351562,280.0,1754.5999755859375,144.39999389648438,1628.0,220.10000610351562,593.7999877929688,3290.0,2150.0,8356.0,117.19999694824219,2253.0,2489.0,795.0
2024-02-08,9823.0,2375.0,617.7000122070312,41.51499938964844,317.70001220703125,4024.5,2478.5,476.25,2484.0,5362.0,2926.0,1651.0,63.5099983215332,818.2000122070312,58.58000183105469,1575.5,241.3000030517578,280.3999938964844,1739.5999755859375,143.16000366210938,1617.5,219.6999969482422,579.4000244140625,3338.0,2211.0,8290.0,114.5999984741211,2247.0,2531.0,804.7999877929688
2024-02-09,9761.0,2375.0,609.5,41.400001525878906,318.1000061035156,4005.5,2487.5,478.45001220703125,2421.0,5344.0,2899.5,1660.0,62.970001220703125,798.0,57.86000061035156,1557.0,233.8000030517578,280.5,1702.5999755859375,142.27999877929688,1615.5,218.89999389648438,573.7999877929688,3358.0,2227.0,8222.0,113.5999984741211,2232.0,2534.0,801.5999755859375
2024-02-12,9501.0,2388.5,608.4000244140625,41.400001525878906,309.1000061035156,3993.0,2495.5,479.45001220703125,2435.0,5355.0,2890.5,1626.4000244140625,64.25,812.4000244140625,58.47999954223633,1564.0,235.5,279.6000061035156,1751.5999755859375,142.8800048828125,1625.5,221.3000030517578,581.5999755859375,3380.0,2200.0,8348.0,122.19999694824219,2265.0,2547.0,817.5999755859375
2024-02-13,9600.0,2349.0,610.5,41.185001373291016,306.29998779296875,3992.5,2488.5,479.75,2408.5,5286.0,2860.5,1641.800048828125,64.1500015258789,790.7999877929688,57.31999969482422,1547.0,230.8000030517578,273.70001220703125,1756.0,140.47999572753906,1592.5,216.60000610351562,577.5999755859375,3304.0,2185.0,8176.0,118.0,2242.0,2534.0,813.0
2024-02-14,9724.0,2371.0,620.7000122070312,41.439998626708984,312.20001220703125,3986.0,2497.5,476.5,2399.0,5309.0,2868.5,1668.0,65.37000274658203,790.4000244140625,57.91999816894531,1570.0,235.1999969482422,277.20001220703125,1747.199951171875,142.02000427246094,1599.0,219.6999969482422,576.0,3359.0,2186.0,8296.0,118.0,2266.0,2548.0,830.7999877929688
2024-02-15,9826.0,2355.0,626.5999755859375,41.58000183105469,320.0,3981.0,2464.0,468.75,2422.0,5328.0,2898.0,1663.0,66.56999969482422,807.5999755859375,58.5,1585.5,237.39999389648438,276.20001220703125,1767.0,143.4199981689453,1605.0,223.0,580.7999877929688,3355.0,2188.0,8400.0,119.80000305175781,2285.0,2581.0,834.0
2024-02-16,10094.0,2403.5,638.7999877929688,43.20000076293945,323.29998779296875,4029.5,2497.0,472.0,2413.5,5515.0,2927.5,1676.4000244140625,65.62999725341797,834.4000244140625,58.34000015258789,1595.5,240.1999969482422,279.6000061035156,1802.199951171875,146.72000122070312,1644.5,224.3000030517578,594.5999755859375,3396.0,2191.0,8470.0,119.80000305175781,2286.0,2589.0,829.5999755859375
2024-02-19,10418.0,2378.0,638.2000122070312,42.880001068115234,334.20001220703125,4046.0,2508.0,474.79998779296875,2369.5,5428.0,2940.5,1669.199951171875,67.0999984741211,821.2000122070312,58.34000015258789,1598.0,238.6999969482422,281.1000061035156,1778.0,149.0,1644.5,224.3000030517578,599.5999755859375,3405.0,2191.0,8500.0,122.5999984741211,2291.0,2567.0,816.5999755859375
2024-02-20,10204.0,2296.0,643.7999877929688,43.650001525878906,330.5,4053.0,2488.0,466.54998779296875,2383.5,5230.0,2966.5,1677.800048828125,67.06999969482422,815.0,57.7400016784668,1609.5,241.39999389648438,284.5,1719.5999755859375,161.8000030517578,1639.5,225.3000030517578,600.7999877929688,3390.0,2207.0,8534.0,120.4000015258789,2307.0,2583.0,805.4000244140625
2024-02-21,10102.0,2283.0,589.7999877929688,43.290000915527344,329.5,4054.5,2508.0,470.3999938964844,2370.5,5151.0,2989.0,1661.0,65.95999908447266,821.7999877929688,57.7400016784668,1609.5,240.0,285.5,1717.800048828125,162.75999450683594,1630.0,225.39999389648438,601.0,3378.0,2201.0,8554.0,128.8000030517578,2303.0,2576.0,805.4000244140625
2024-02-22,10036.0,2300.0,590.5,45.95500183105469,356.79998779296875,4000.0,2506.5,468.20001220703125,2382.0,5170.0,2985.0,1668.800048828125,65.73999786376953,822.5999755859375,58.02000045776367,1578.0,241.0,276.79998779296875,1769.800048828125,163.67999267578125,1626.5,226.39999389648438,605.5999755859375,3436.0,2203.0,8442.0,132.0,2293.0,2569.0,747.2000122070312
2024-02-23,10220.0,2308.0,597.2000122070312,45.494998931884766,353.1000061035156,4002.0,2494.0,466.1000061035156,2388.0,5197.0,2986.0,1672.4000244140625,66.25,819.5999755859375,58.0,1586.5,242.0,279.70001220703125,1786.0,163.74000549316406,1634.5,224.60000610351562,635.0,3432.0,2181.0,8444.0,126.80000305175781,2291.0,2533.0,749.0
2024-02-26,10254.0,2250.0,595.7000122070312,45.915000915527344,361.20001220703125,3996.0,2470.5,466.29998779296875,2371.5,5067.0,2992.5,1674.5999755859375,66.08000183105469,814.5999755859375,56.7400016784668,1564.0,241.3000030517578,278.5,1726.5999755859375,165.83999633789062,1622.5,224.60000610351562,636.4000244140625,3428.0,2171.0,8422.0,127.19999694824219,2298.0,2580.0,748.5999755859375
2024-02-27,10328.0,2279.0,602.4000244140625,46.310001373291016,358.6000061035156,3915.5,2473.5,466.25,2364.0,5112.0,3027.0,1671.0,68.4000015258789,808.0,56.779998779296875,1594.0,240.3000030517578,277.6000061035156,1762.4000244140625,166.86000061035156,1628.5,221.5,642.5999755859375,3416.0,2157.0,8362.0,124.0,2278.0,2577.0,753.5999755859375
2024-02-28,10180.0,2244.5,609.5,46.57500076293945,370.5,3880.0,2459.5,462.29998779296875,2333.5,5042.0,3004.0,1669.800048828125,68.29000091552734,790.7999877929688,55.779998779296875,1612.5,239.0,277.29998779296875,1710.0,168.89999389648438,1608.5,222.89999389648438,649.2000122070312,3401.0,2165.0,8354.0,122.4000015258789,2284.0,2599.0,755.7999877929688
2024-02-29,9983.0,2269.5,614.5,46.56999969482422,369.1000061035156,3866.5,2457.0,460.70001220703125,2345.0,5079.0,2962.0,1664.5999755859375,69.12000274658203,777.5999755859375,55.939998626708984,1625.5,242.10000610351562,278.79998779296875,1701.0,164.4600067138672,1608.0,224.6999969482422,667.5999755859375,3385.0,2170.0,8314.0,122.19999694824219,2273.0,2666.0,728.4000244140625
2024-03-01,10080.0,2303.0,612.7999877929688,47.369998931884766,374.79998779296875,3868.0,2494.5,471.6499938964844,2334.5,5127.0,2963.5,1661.800048828125,70.45999908447266,782.4000244140625,63.959999084472656,1642.0,243.10000610351562,277.6000061035156,1760.800048828125,169.52000427246094,1620.5,226.60000610351562,690.7999877929688,3358.0,2167.0,8410.0,124.4000015258789,2269.0,2678.0,738.2000122070312
2024-03-04,10046.0,2285.5,608.4000244140625,47.39500045776367,376.3999938964844,3863.0,2460.5,469.75,2294.0,5090.0,2930.0,1667.800048828125,69.48999786376953,772.7999877929688,60.540000915527344,1624.5,242.89999389648438,275.8999938964844,1702.4000244140625,170.13999938964844,1613.5,227.10000610351562,682.4000244140625,3360.0,2165.0,8184.0,121.19999694824219,2258.0,2650.0,749.4000244140625
2024-03-05,10112.0,2274.5,610.0999755859375,47.79999923706055,374.8999938964844,3870.5,2452.5,470.8999938964844,2303.5,5026.0,2923.0,1683.4000244140625,70.27999877929688,757.2000122070312,60.08000183105469,1658.5,245.39999389648438,276.29998779296875,1703.800048828125,169.4600067138672,1613.0,228.5,687.7999877929688,3348.0,2193.0,8300.0,118.80000305175781,2257.0,2681.0,747.0
2024-03-06,10140.0,2301.0,612.0,48.400001525878906,379.0,3857.0,2488.5,478.8999938964844,2301.5,5075.0,2876.0,1673.199951171875,69.62000274658203,759.2000122070312,60.959999084472656,1668.5,243.3000030517578,280.3999938964844,1767.4000244140625,170.9199981689453,1620.0,229.60000610351562,677.5999755859375,3412.0,2187.0,8416.0,119.19999694824219,2267.0,2664.0,754.7999877929688
2024-03-07,10234.0,2274.5,590.7000122070312,48.60499954223633,390.0,3835.0,2482.0,476.04998779296875,2289.0,4975.5,2876.5,1711.199951171875,69.77999877929688,781.2000122070312,68.37999725341797,1661.5,244.8000030517578,283.70001220703125,1857.4000244140625,173.05999755859375,1621.5,231.60000610351562,664.4000244140625,3411.0,2152.0,8320.0,123.80000305175781,2243.0,2612.0,757.5999755859375
2024-03-08,10196.0,2235.5,579.9000244140625,48.55500030517578,386.3999938964844,3835.5,2471.0,472.1000061035156,2286.5,4869.5,2874.0,1673.0,70.94000244140625,779.0,70.54000091552734,1650.0,249.60000610351562,286.20001220703125,1850.5999755859375,172.24000549316406,1615.5,230.6999969482422,655.7999877929688,3402.0,2153.0,8372.0,122.19999694824219,2242.0,2573.0,742.4000244140625
2024-03-11,10450.0,2192.5,575.7999877929688,49.04999923706055,383.20001220703125,3853.0,2472.5,471.70001220703125,2319.0,4809.5,2891.5,1675.0,70.1500015258789,788.2000122070312,70.44000244140625,1613.0,246.6999969482422,282.20001220703125,1850.800048828125,173.8000030517578,1611.5,230.1999969482422,660.0,3346.0,2134.0,8392.0,124.0,2254.0,2698.0,731.2000122070312
2024-03-12,10436.0,2205.0,592.5999755859375,49.54999923706055,391.79998779296875,3885.5,2497.0,477.45001220703125,2366.5,4914.0,2908.0,1685.199951171875,69.30000305175781,812.4000244140625,71.05999755859375,1582.0,248.39999389648438,285.79998779296875,1851.199951171875,177.5800018310547,1652.0,232.89999389648438,669.7999877929688,3407.0,2177.0,8498.0,119.0,2298.0,2733.0,731.0
2024-03-13,10458.0,2224.0,589.7000122070312,49.255001068115234,393.79998779296875,3905.0,2527.5,485.0,2395.5,4904.5,2911.0,1695.199951171875,66.5199966430664,807.4000244140625,71.16000366210938,1577.0,245.39999389648438,286.0,1937.0,177.05999755859375,1628.0,231.6999969482422,653.2000122070312,3378.0,2197.0,8456.0,116.80000305175781,2310.0,2650.0,719.5999755859375
2024-03-14,10402.0,2201.5,586.4000244140625,49.33000183105469,389.3999938964844,3885.0,2538.0,490.0,2380.5,4842.0,2910.5,1687.800048828125,66.08999633789062,798.7999877929688,71.0999984741211,1584.0,245.6999969482422,286.1000061035156,1833.5999755859375,174.39999389648438,1616.5,232.10000610351562,646.0,3351.0,2207.0,8488.0,119.4000015258789,2301.0,2683.0,716.5999755859375
2024-03-15,10294.0,2175.0,598.0,49.56999969482422,393.5,3851.0,2548.5,491.0,2340.5,4862.0,2907.0,1649.5999755859375,69.8499984741211,796.0,71.27999877929688,1583.0,243.89999389648438,287.6000061035156,1854.5999755859375,176.9199981689453,1616.0,231.60000610351562,654.0,3339.0,2202.0,8502.0,119.0,2342.0,2734.0,701.7999877929688
2024-03-18,10290.0,2203.5,602.5,49.38999938964844,390.0,3811.5,2560.5,493.29998779296875,2399.0,4886.0,2868.5,1660.800048828125,67.33000183105469,788.2000122070312,72.5199966430664,1609.0,247.10000610351562,287.79998779296875,1828.5999755859375,176.52000427246094,1628.5,230.60000610351562,650.2000122070312,3362.0,2171.0,8456.0,115.4000015258789,2304.0,2763.0,697.4000244140625
2024-03-19,10228.0,2227.0,602.9000244140625,49.54499816894531,400.70001220703125,3929.0,2594.0,498.29998779296875,2412.0,4937.0,2827.5,1664.4000244140625,66.5,780.5999755859375,71.55999755859375,1598.0,246.3000030517578,287.70001220703125,1821.4000244140625,175.05999755859375,1630.0,231.0,658.7999877929688,3349.0,2152.0,8478.0,115.5999984741211,2311.0,2771.0,694.0
2024-03-20,10164.0,2238.0,605.4000244140625,50.040000915527344,406.70001220703125,3872.0,2591.5,493.6499938964844,2394.5,4940.5,2826.5,1646.800048828125,67.27999877929688,745.2000122070312,70.68000030517578,1617.5,248.1999969482422,285.70001220703125,1838.5999755859375,175.74000549316406,1632.0,231.5,657.5999755859375,3371.0,2155.0,8510.0,116.0,2328.0,2809.0,700.0
2024-03-21,10428.0,2289.5,621.0999755859375,51.4900016784668,420.20001220703125,3907.0,2621.5,496.6499938964844,2362.0,5048.0,2870.5,1673.800048828125,67.5,759.0,71.05999755859375,1619.0,252.60000610351562,292.0,1923.800048828125,181.83999633789062,1652.5,233.0,676.0,3468.0,2242.0,9078.0,119.5999984741211,2398.0,2833.0,716.0
2024-03-22,10482.0,2274.0,624.9000244140625,52.18000030517578,419.8999938964844,3976.5,2632.0,498.8500061035156,2376.0,4997.0,2901.0,1686.800048828125,68.43000030517578,778.4000244140625,71.05999755859375,1619.0,256.20001220703125,294.20001220703125,1929.4000244140625,180.8000030517578,1680.0,238.8000030517578,672.5999755859375,3486.0,2266.0,9192.0,120.80000305175781,2426.0,2818.0,718.0
2024-03-25,10394.0,2264.0,624.5999755859375,51.72999954223633,421.1000061035156,3957.5,2650.5,505.8999938964844,2375.5,5013.0,2887.5,1694.5999755859375,68.37999725341797,774.4000244140625,71.9800033569336,1622.5,254.3000030517578,293.70001220703125,1931.199951171875,181.47999572753906,1654.0,238.60000610351562,675.4000244140625,3502.0,2259.0,9210.0,120.4000015258789,2429.0,2830.0,718.2000122070312
2024-03-26,10440.0,2233.5,627.2999877929688,51.61000061035156,428.0,3966.0,2647.0,499.79998779296875,2366.0,4918.5,2927.0,1697.800048828125,68.68000030517578,761.2000122070312,73.30000305175781,1613.0,255.0,296.79998779296875,1917.5999755859375,180.77999877929688,1690.0,235.10000610351562,695.0,3442.0,2286.0,9288.0,122.0,2473.0,2830.0,734.2000122070312
2024-03-27,10742.0,2257.0,615.0,51.66999816894531,422.0,3962.0,2613.0,492.79998779296875,2389.0,4978.0,2938.0,1705.199951171875,69.41999816894531,755.7999877929688,73.4000015258789,1658.0,255.5,298.20001220703125,1922.800048828125,181.52000427246094,1653.5,234.8000030517578,679.2000122070312,3472.0,2304.0,9188.0,120.0,2514.0,2829.0,738.0
2024-03-28,10678.0,2275.0,619.0,51.7599983215332,426.70001220703125,3975.5,2625.0,495.70001220703125,2406.0,5017.0,2925.5,1708.5999755859375,70.45999908447266,743.0,73.9000015258789,1650.0,254.39999389648438,296.6000061035156,1951.800048828125,183.1999969482422,1641.5,220.5,671.4000244140625,3454.0,2323.0,9232.0,122.4000015258789,2498.0,2837.0,736.0
2024-04-02,10604.0,2328.0,621.4000244140625,51.959999084472656,418.8999938964844,3935.0,2717.0,508.6000061035156,2404.0,5117.0,2955.0,1663.0,70.30000305175781,740.0,73.55000305175781,1633.0,251.0,294.8999938964844,2041.5,184.1199951171875,1657.0,213.3000030517578,678.5999755859375,3393.0,2253.0,9050.0,118.19999694824219,2465.0,2778.0,738.0
2024-04-03,10562.0,2321.0,631.0999755859375,52.380001068115234,424.0,3879.0,2747.5,511.6000061035156,2376.0,5078.0,2925.0,1654.0,71.19999694824219,720.4000244140625,74.8499984741211,1613.5,250.89999389648438,293.6000061035156,2048.0,188.5399932861328,1625.0,212.89999389648438,693.7999877929688,3365.0,2249.0,9014.0,117.4000015258789,2470.0,2694.0,748.5999755859375
2024-04-04,10736.0,2328.0,641.7000122070312,53.959999084472656,419.0,3872.0,2764.0,508.8999938964844,2356.0,5094.0,2910.0,1637.5,70.0999984741211,728.0,75.0999984741211,1625.5,254.8000030517578,292.29998779296875,2110.5,193.16000366210938,1613.0,211.5,702.0,3401.0,2221.0,8948.0,118.0,2489.0,2637.0,740.4000244140625
2024-04-05,10620.0,2285.0,641.4000244140625,53.31999969482422,421.1000061035156,3837.0,2780.0,506.1000061035156,2329.0,4974.5,2849.5,1629.5,68.58000183105469,717.5999755859375,73.94999694824219,1589.5,251.10000610351562,289.6000061035156,2088.0,189.74000549316406,1596.0,208.39999389648438,698.2000122070312,3391.0,2221.0,8822.0,116.0,2414.0,2660.0,724.2000122070312
2024-04-08,10610.0,2349.0,644.5,53.720001220703125,429.1000061035156,3817.0,2814.0,509.8999938964844,2332.0,5184.0,2822.5,1620.0,68.5,720.0,73.75,1607.0,252.6999969482422,288.0,2155.0,193.17999267578125,1597.0,209.1999969482422,699.0,3375.0,2214.0,8830.0,118.5999984741211,2410.0,2658.0,732.2000122070312
2024-04-09,10708.0,2369.0,644.7000122070312,52.86000061035156,412.20001220703125,3821.0,2828.5,516.5999755859375,2318.0,5251.0,2809.0,1616.0,68.0199966430664,720.4000244140625,73.0999984741211,1606.5,252.0,287.5,2191.5,188.89999389648438,1600.0,207.8000030517578,672.7999877929688,3370.0,2199.0,8742.0,117.80000305175781,2423.0,2655.0,733.7999877929688
2024-04-10,10732.0,2373.0,663.2000122070312,53.119998931884766,408.5,3817.0,2869.0,520.0999755859375,2308.0,5235.0,2825.0,1621.0,67.16000366210938,712.0,73.19999694824219,1587.5,250.1999969482422,297.0,2145.5,189.47999572753906,1604.0,207.0,679.4000244140625,3307.0,2219.0,8898.0,115.5999984741211,2429.0,2672.0,739.0
2024-04-11,10962.0,2350.0,646.7000122070312,50.65999984741211,406.8999938964844,3813.0,2857.0,520.0,2303.0,5230.0,2805.0,1629.0,66.72000122070312,716.5999755859375,70.69999694824219,1608.5,248.3000030517578,282.0,2123.5,183.63999938964844,1647.0,204.10000610351562,666.0,3316.0,2177.0,8986.0,115.0,2406.0,2669.0,740.0
2024-04-12,11064.0,2389.0,653.4000244140625,50.97999954223633,404.70001220703125,3795.0,2937.0,539.0999755859375,2307.0,5375.0,2784.0,1643.5,67.22000122070312,706.4000244140625,70.69999694824219,1667.0,247.60000610351562,282.8999938964844,2201.5,182.86000061035156,1649.0,200.39999389648438,662.7999877929688,3311.0,2182.0,9044.0,114.80000305175781,2406.0,2671.0,733.4000244140625
2024-04-15,11024.0,2383.0,651.0999755859375,51.15999984741211,406.79998779296875,3770.0,2889.5,527.2999877929688,2287.0,5410.0,2770.0,1643.5,67.13999938964844,709.5999755859375,70.44999694824219,1650.0,249.60000610351562,286.29998779296875,2169.0,183.13999938964844,1639.0,201.60000610351562,664.7999877929688,3314.0,2174.0,8950.0,113.80000305175781,2408.0,2711.0,741.0
2024-04-16,10878.0,2287.0,631.7000122070312,49.70000076293945,397.79998779296875,3744.0,2834.5,515.5999755859375,2267.0,5254.0,2746.0,1610.5,66.05999755859375,687.4000244140625,69.25,1623.5,243.3000030517578,280.79998779296875,2095.0,178.47999572753906,1597.0,196.4499969482422,635.2000122070312,3276.0,2142.0,8838.0,109.0,2369.0,2692.0,730.0
2024-04-17,10862.0,2365.0,636.0999755859375,50.41999816894531,401.3999938964844,3738.0,2846.0,516.7999877929688,2276.0,5388.0,2799.0,1590.0,66.4800033569336,692.2000122070312,68.9000015258789,1619.5,243.0,282.20001220703125,2168.5,179.94000244140625,1580.0,197.10000610351562,643.2000122070312,3281.0,2140.0,8828.0,105.0,2394.0,2689.0,721.7999877929688
2024-04-18,10914.0,2325.0,644.5999755859375,51.0,402.5,3770.0,2841.5,512.4000244140625,2293.0,5371.0,2823.0,1583.5,66.37999725341797,722.7999877929688,70.0,1647.5,245.0,282.70001220703125,2182.0,183.97999572753906,1590.0,199.14999389648438,661.5999755859375,3206.0,2169.0,8844.0,110.0,2442.0,2710.0,734.2000122070312
2024-04-19,10946.0,2340.0,646.2000122070312,50.91999816894531,395.5,3811.0,2851.0,514.9000244140625,2310.0,5380.0,2836.5,1599.0,67.0,722.0,69.8499984741211,1660.5,244.60000610351562,281.3999938964844,2179.0,185.83999633789062,1586.0,199.85000610351562,666.7999877929688,3198.0,2203.0,8774.0,110.80000305175781,2447.0,2735.0,718.2000122070312
2024-04-22,11250.0,2348.0,666.5,51.13999938964844,406.29998779296875,3885.0,2907.0,522.5,2360.0,5386.0,2857.0,1639.5,69.62000274658203,735.4000244140625,71.1500015258789,1665.0,250.39999389648438,291.1000061035156,2160.0,189.17999267578125,1609.0,203.3000030517578,671.4000244140625,3241.0,2231.0,9056.0,116.0,2506.0,2779.0,741.7999877929688
2024-04-23,11268.0,2337.0,667.7000122070312,51.34000015258789,417.20001220703125,3861.0,2895.0,523.0999755859375,2360.0,5317.0,2819.0,1651.0,69.62000274658203,742.5999755859375,70.75,1667.0,253.10000610351562,293.0,2111.0,192.24000549316406,1635.0,201.5,680.5999755859375,3273.0,2230.0,9190.0,114.80000305175781,2731.0,2799.0,749.7999877929688
2024-04-24,11352.0,2364.0,663.5999755859375,51.779998779296875,417.0,3863.0,2907.0,525.5999755859375,2346.0,5450.0,2812.0,1636.0,69.33999633789062,735.2000122070312,70.30000305175781,1655.0,248.60000610351562,291.3999938964844,2205.0,191.13999938964844,1608.0,199.0,679.2000122070312,3262.0,2238.0,9200.0,107.5999984741211,2702.0,2764.0,747.7999877929688
2024-04-25,12026.0,2311.0,661.9000244140625,51.20000076293945,405.70001220703125,4082.0,2901.0,526.2999877929688,2337.0,5379.0,2759.0,1640.5,69.0,714.0,70.05000305175781,1650.5,232.8000030517578,289.79998779296875,2560.0,204.0,1603.0,197.89999389648438,682.7999877929688,3225.0,2232.0,9104.0,104.4000015258789,2686.0,2692.0,736.2000122070312
2024-04-26,11988.0,2250.0,663.5999755859375,52.29999923706055,421.1000061035156,4133.0,2903.5,524.7999877929688,2326.0,5453.0,2776.0,1653.0,69.08000183105469,723.7999877929688,70.5,1655.0,234.39999389648438,288.8999938964844,2643.0,204.35000610351562,1625.0,199.35000610351562,681.4000244140625,3272.0,2229.0,9120.0,105.80000305175781,2635.0,2699.0,755.0
2024-04-29,12024.0,2250.0,668.0999755859375,51.880001068115234,414.79998779296875,4105.0,2887.5,523.2999877929688,2345.0,5457.0,2769.5,1670.0,70.0,741.4000244140625,72.0999984741211,1676.5,237.5,292.0,2750.0,203.64999389648438,1617.0,199.35000610351562,683.7999877929688,3257.0,2216.0,9042.0,108.4000015258789,2654.0,2733.0,785.5999755859375
2024-04-30,12062.0,2223.0,695.5999755859375,51.900001525878906,413.1000061035156,4140.0,2863.0,520.4000244140625,2351.0,5472.0,2775.5,1673.0,67.66000366210938,701.0,70.30000305175781,1666.5,236.0,296.29998779296875,2634.0,202.6999969482422,1616.0,201.10000610351562,689.7999877929688,3244.0,2232.0,9008.0,105.4000015258789,2656.0,2729.0,813.7999877929688
2024-05-01,12170.0,2207.0,697.5,52.20000076293945,407.5,4140.0,2819.0,509.3999938964844,2349.0,5426.0,2742.5,1705.0,67.4800033569336,705.0,70.19999694824219,1672.5,235.3000030517578,300.0,2634.5,203.4499969482422,1604.0,198.0500030517578,695.0,3220.0,2202.0,9064.0,108.0,2636.0,2701.0,809.4000244140625
2024-05-02,12156.0,2232.0,705.0,52.060001373291016,406.5,4180.0,2873.0,515.7999877929688,2371.0,5442.0,2728.5,1728.5,67.81999969482422,728.5999755859375,71.80000305175781,1696.0,235.8000030517578,299.79998779296875,2661.5,201.0,1614.0,197.89999389648438,756.0,3256.0,2221.0,8978.0,110.19999694824219,2643.0,2691.0,808.4000244140625
2024-05-03,12050.0,2241.0,705.5,52.18000030517578,418.1000061035156,4188.0,2858.5,510.3999938964844,2355.0,5467.0,2729.0,1733.5,68.44000244140625,756.2000122070312,72.0,1709.5,240.89999389648438,298.29998779296875,2693.5,202.35000610351562,1640.0,200.39999389648438,755.0,3277.0,2244.0,9098.0,112.19999694824219,2671.0,2702.0,812.0
2024-05-07,12118.0,2294.0,712.5999755859375,53.720001220703125,418.3999938964844,4212.0,2895.0,503.70001220703125,2387.0,5591.0,2755.5,1761.0,67.91999816894531,759.4000244140625,72.44999694824219,1780.5,246.60000610351562,304.29998779296875,2680.0,210.35000610351562,1657.0,202.39999389648438,750.5999755859375,3383.0,2273.0,9106.0,114.19999694824219,2687.0,2741.0,824.7999877929688
2024-05-08,12264.0,2272.0,720.7999877929688,53.939998626708984,428.70001220703125,4229.0,2891.5,500.5,2406.0,5528.0,2808.0,1773.5,67.54000091552734,777.0,74.3499984741211,1790.0,248.0,307.79998779296875,2654.0,211.64999389648438,1687.0,204.60000610351562,751.4000244140625,3401.0,2284.0,9188.0,113.4000015258789,2701.0,2773.0,817.5999755859375
2024-05-09,12332.0,2271.0,690.9000244140625,53.939998626708984,433.8999938964844,4266.0,2908.5,504.1000061035156,2401.0,5584.0,2837.0,1780.5,68.08000183105469,787.7999877929688,76.5999984741211,1799.5,248.89999389648438,310.20001220703125,2736.0,213.25,1702.0,206.39999389648438,754.7999877929688,3398.0,2282.0,9204.0,113.4000015258789,2686.0,2748.0,835.5999755859375
2024-05-10,12370.0,2297.0,696.0,54.29999923706055,423.6000061035156,4288.0,2946.0,506.20001220703125,2433.0,5605.0,2850.0,1799.5,69.4000015258789,801.7999877929688,78.30000305175781,1812.0,248.60000610351562,311.70001220703125,2773.5,213.9499969482422,1727.0,205.5,775.0,3453.0,2308.0,9294.0,112.4000015258789,2702.0,2750.0,862.0
2024-05-13,12318.0,2282.0,699.2000122070312,54.29999923706055,420.70001220703125,4314.0,2937.0,505.0,2460.0,5564.0,2831.5,1810.0,69.9800033569336,790.4000244140625,76.94999694824219,1800.0,246.3000030517578,312.6000061035156,2707.0,214.5500030517578,1732.0,206.0,776.0,3432.0,2307.0,9262.0,117.5999984741211,2687.0,2697.0,861.0
2024-05-14,12246.0,2328.0,706.4000244140625,54.540000915527344,419.6000061035156,4289.0,2901.0,502.29998779296875,2465.0,5555.0,2839.0,1810.0,73.27999877929688,792.2000122070312,79.19999694824219,1834.0,245.1999969482422,313.8999938964844,2619.5,217.1999969482422,1724.0,206.8000030517578,778.4000244140625,3470.0,2321.0,9296.0,123.19999694824219,2719.0,2696.0,877.0
2024-05-15,12172.0,2326.0,701.7000122070312,54.5,426.5,4300.0,2869.0,496.95001220703125,2466.0,5522.0,2803.0,1812.5,76.0999984741211,803.7999877929688,78.30000305175781,1862.0,251.8000030517578,310.70001220703125,2625.0,213.10000610351562,1733.0,207.39999389648438,774.2000122070312,3752.0,2252.0,9334.0,126.0,2711.0,2674.0,901.4000244140625
2024-05-16,12166.0,2352.0,696.5,55.02000045776367,420.3999938964844,4280.0,2829.0,489.29998779296875,2486.0,5649.0,2817.0,1783.5,,827.4000244140625,78.80000305175781,1863.5,254.6999969482422,306.70001220703125,2629.0,214.89999389648438,1731.0,207.39999389648438,785.7999877929688,3747.0,2251.0,9392.0,127.80000305175781,2738.0,2671.0,903.2000122070312
2024-05-17,12110.0,2400.0,697.0,55.52000045776367,418.1000061035156,4316.0,2804.5,491.29998779296875,2475.0,5785.0,2800.5,1775.0,77.18000030517578,819.2000122070312,78.4000015258789,1831.5,252.8000030517578,310.8999938964844,2677.5,216.75,1725.0,205.5,781.5999755859375,3691.0,2256.0,9426.0,127.5999984741211,2730.0,2669.0,898.5999755859375
2024-05-20,12096.0,2436.0,695.5999755859375,56.20000076293945,436.79998779296875,4285.0,2804.0,491.25,2476.0,5795.0,2794.0,1775.0,77.16000366210938,805.2000122070312,77.69999694824219,1816.0,252.89999389648438,310.3999938964844,2680.0,216.75,1744.0,205.60000610351562,784.5999755859375,3682.0,2227.0,9368.0,128.8000030517578,2726.0,2698.0,895.5999755859375
2024-05-21,12364.0,2430.0,697.7000122070312,56.18000030517578,433.0,4278.0,2803.5,490.79998779296875,2473.0,5825.0,2751.5,1756.0,75.23999786376953,797.5999755859375,78.55000305175781,1799.0,252.39999389648438,311.8999938964844,2687.0,217.5500030517578,1740.0,205.0,778.7999877929688,3639.0,2230.0,9380.0,133.8000030517578,2705.0,2733.0,932.7999877929688
2024-05-22,12360.0,2329.0,692.7999877929688,56.380001068115234,428.0,4275.0,2760.5,481.70001220703125,2464.0,5690.0,2745.5,1788.5,75.31999969482422,782.5999755859375,77.0999984741211,1816.5,248.60000610351562,312.0,2698.5,211.4499969482422,1737.0,202.0,772.5999755859375,3671.0,2260.0,9274.0,126.0,2688.0,2756.0,979.0
2024-05-23,12404.0,2315.0,691.4000244140625,55.779998779296875,440.3999938964844,4312.0,2772.5,482.54998779296875,2424.0,5680.0,2709.5,1778.0,74.18000030517578,768.7999877929688,75.6500015258789,1769.5,245.1999969482422,312.29998779296875,2645.5,215.0,1733.0,201.3000030517578,775.4000244140625,3723.0,2231.0,9308.0,126.0,2714.0,2705.0,1120.0
2024-05-24,12296.0,2329.0,693.4000244140625,54.79999923706055,444.79998779296875,4296.0,2772.0,483.0,2390.0,5655.0,2693.0,1774.5,73.5,765.7999877929688,77.19999694824219,1740.5,247.89999389648438,315.0,2615.0,216.14999389648438,1742.0,201.6999969482422,777.7999877929688,3711.0,2221.0,9366.0,131.0,2722.0,2725.0,1090.0
2024-05-28,12028.0,2335.0,688.0,55.58000183105469,451.0,4256.0,2780.5,487.0,2381.0,5589.0,2629.0,1740.0,74.08000183105469,765.0,78.05000305175781,1748.0,252.8000030517578,311.1000061035156,2558.0,219.10000610351562,1715.0,201.3000030517578,774.2000122070312,3724.0,2179.0,9208.0,134.8000030517578,2641.0,2692.0,1071.5
2024-05-29,11930.0,2353.0,685.0999755859375,54.7400016784668,447.0,4224.0,2801.5,489.1000061035156,2356.0,5478.0,2590.0,1746.5,73.86000061035156,748.5999755859375,76.75,1704.0,248.8000030517578,309.1000061035156,2480.0,214.14999389648438,1705.0,198.85000610351562,770.4000244140625,3653.0,2179.0,9310.0,129.60000610351562,2667.0,2709.0,1066.0
2024-05-30,12028.0,2316.0,692.7999877929688,55.540000915527344,451.0,4259.0,2797.0,485.25,2389.0,5488.0,2602.0,1730.0,74.77999877929688,750.0,78.0,1716.0,251.1999969482422,311.5,2510.0,218.5500030517578,1719.0,201.3000030517578,781.4000244140625,3627.0,2182.0,9336.0,136.60000610351562,2660.0,2712.0,1065.0
2024-05-31,12190.0,2321.0,696.4000244140625,55.52000045776367,453.3999938964844,4279.0,2811.5,488.1499938964844,2415.0,5476.0,2630.5,1766.5,75.62000274658203,747.0,79.5999984741211,1755.0,250.0,311.0,2513.5,220.0,1722.0,199.10000610351562,777.4000244140625,3607.0,2192.0,9338.0,137.8000030517578,2550.0,2714.0,1055.5
2024-06-03,12346.0,2308.0,693.2999877929688,55.400001525878906,460.8999938964844,4307.0,2782.5,481.20001220703125,2435.0,5434.0,2639.0,1598.0,76.5,755.2000122070312,78.9000015258789,1777.5,251.89999389648438,312.1000061035156,2503.0,219.1999969482422,1733.0,203.3000030517578,776.4000244140625,3630.0,2168.0,9322.0,138.60000610351562,2561.0,2736.0,1064.0
2024-06-04,12404.0,2264.0,690.2000122070312,55.63999938964844,448.0,4367.0,2723.0,462.8999938964844,2422.0,5352.0,2639.5,1615.0,76.83999633789062,749.7999877929688,78.4000015258789,1793.5,250.8000030517578,312.0,2403.5,215.0,1732.0,200.6999969482422,735.2000122070312,3700.0,2180.0,9416.0,136.39999389648438,2566.0,2699.0,1062.0
2024-06-05,12516.0,2282.0,685.5,54.7400016784668,453.29998779296875,4380.0,2717.5,460.3999938964844,2427.0,5311.0,2656.5,1650.5,76.63999938964844,750.7999877929688,78.5999984741211,1789.0,249.5,310.0,2374.5,212.64999389648438,1732.0,200.6999969482422,740.7999877929688,3728.0,2195.0,9286.0,136.60000610351562,2585.0,2745.0,1069.5
2024-06-06,12590.0,2326.0,692.2000122070312,55.63999938964844,458.20001220703125,4389.0,2736.5,463.1499938964844,2434.0,5409.0,2712.5,1640.0,72.19999694824219,762.2000122070312,78.94999694824219,1784.5,253.5,309.6000061035156,2412.0,216.14999389648438,1738.0,201.1999969482422,744.4000244140625,3743.0,2202.0,9282.0,135.39999389648438,2584.0,2767.0,1065.5
2024-06-07,12556.0,2304.0,694.5999755859375,54.79999923706055,456.8999938964844,4396.0,2732.5,462.70001220703125,2437.0,5352.0,2670.0,1629.0,71.5199966430664,731.5999755859375,79.05000305175781,1787.0,249.10000610351562,307.6000061035156,2382.5,217.25,1732.0,198.3000030517578,746.0,3663.0,2240.0,9246.0,124.0,2560.0,2730.0,1058.5
2024-06-10,12600.0,2293.0,693.5999755859375,54.220001220703125,465.0,4369.0,2757.5,470.8500061035156,2402.0,5357.0,2607.0,1621.0,70.87999725341797,720.7999877929688,78.19999694824219,1789.5,246.0,305.79998779296875,2373.0,214.75,1715.0,203.0,753.2000122070312,3650.0,2207.0,9208.0,118.4000015258789,2546.0,2657.0,1074.0
2024-06-11,12376.0,2226.0,677.5999755859375,53.380001068115234,465.0,4357.0,2750.5,468.3500061035156,2388.0,5251.0,2594.5,1615.0,70.0999984741211,709.4000244140625,77.1500015258789,1770.0,243.10000610351562,302.29998779296875,2359.0,209.0500030517578,1705.0,199.64999389648438,721.2000122070312,3679.0,2195.0,9034.0,117.0,2517.0,2563.0,1059.0
2024-06-12,12466.0,2250.0,681.7999877929688,54.97999954223633,469.3999938964844,4393.0,2744.5,464.8999938964844,2381.0,5249.0,2611.0,1605.0,69.0,725.4000244140625,78.5,1771.0,229.8000030517578,302.1000061035156,2374.5,208.6999969482422,1724.0,203.89999389648438,741.7999877929688,3779.0,2239.0,9176.0,119.4000015258789,2506.0,2576.0,1064.0
2024-06-13,12392.0,2234.0,673.2000122070312,54.060001373291016,467.79998779296875,4415.0,2724.0,460.0,2378.0,5236.0,2574.5,1610.0,68.69999694824219,707.5999755859375,76.0,1779.0,223.6999969482422,302.5,2389.0,205.14999389648438,1708.0,201.89999389648438,731.5999755859375,3720.0,2220.0,9032.0,116.4000015258789,2493.0,2557.0,1066.0
2024-06-14,12510.0,2235.0,676.7999877929688,54.18000030517578,457.79998779296875,4450.0,2711.0,460.0,2392.0,5219.0,2579.0,1604.5,68.95999908447266,700.0,75.69999694824219,1767.0,224.6999969482422,310.20001220703125,2388.5,202.0,1681.0,200.5,724.2000122070312,3707.0,2217.0,9008.0,116.80000305175781,2483.0,2551.0,1051.0
2024-06-17,12428.0,2203.0,683.0,54.540000915527344,461.6000061035156,4434.0,2726.0,460.6499938964844,2409.0,5181.0,2575.5,1600.0,69.77999877929688,697.2000122070312,76.1500015258789,1739.0,227.60000610351562,307.0,2371.0,204.89999389648438,1684.0,200.89999389648438,720.0,3691.0,2196.0,9038.0,117.19999694824219,2491.0,2585.0,1073.5
2024-06-18,12416.0,2222.0,686.5,55.02000045776367,467.8999938964844,4438.0,2733.5,466.8500061035156,2425.0,5208.0,2558.0,1612.0,70.63999938964844,700.0,76.05000305175781,1800.0,226.8000030517578,309.29998779296875,2389.0,206.0,1693.0,203.8000030517578,722.0,3720.0,2217.0,9040.0,116.4000015258789,2495.0,2589.0,1130.0
2024-06-19,12340.0,2233.0,693.0,55.220001220703125,472.5,4433.0,2748.0,466.3500061035156,2440.0,5236.0,2569.0,1616.5,71.63999938964844,700.5999755859375,76.0,1805.5,227.5,308.8999938964844,2428.5,206.6999969482422,1698.0,203.5,722.0,3713.0,2226.0,9004.0,115.5999984741211,2476.0,2577.0,1153.0
2024-06-20,12398.0,2255.0,697.0,56.08000183105469,485.5,4433.0,2767.5,470.5,2460.0,5271.0,2590.5,1618.0,72.27999877929688,712.4000244140625,76.69999694824219,1840.0,231.3000030517578,308.8999938964844,2467.5,208.0500030517578,1717.0,206.1999969482422,735.4000244140625,3716.0,2238.0,9102.0,117.5999984741211,2488.0,2592.0,1134.0
2024-06-21,12472.0,2233.0,683.7000122070312,55.560001373291016,473.20001220703125,4434.0,2777.0,471.0,2488.0,5234.0,2578.0,1599.0,71.62000274658203,707.2000122070312,80.30000305175781,1824.0,231.10000610351562,308.6000061035156,2472.5,204.85000610351562,1707.0,207.10000610351562,723.0,3685.0,2259.0,9140.0,116.80000305175781,2468.0,2564.0,1133.5
2024-06-24,12478.0,2239.0,690.7000122070312,55.68000030517578,471.29998779296875,4437.0,2794.5,474.1499938964844,2535.0,5228.0,2578.0,1608.5,72.30000305175781,759.0,82.19999694824219,1826.0,230.39999389648438,308.3999938964844,2500.0,207.5500030517578,1725.0,209.1999969482422,731.7999877929688,3687.0,2244.0,9292.0,112.80000305175781,2519.0,2569.0,1139.5
2024-06-25,12550.0,2246.0,687.0,55.540000915527344,466.0,4428.0,2807.5,473.8999938964844,2515.0,5239.0,2572.5,1595.0,70.66000366210938,744.0,81.19999694824219,1828.0,229.1999969482422,307.6000061035156,2520.0,206.14999389648438,1699.0,206.8000030517578,728.4000244140625,3675.0,2225.0,9258.0,110.5999984741211,2498.0,2627.0,1134.5
2024-06-26,12556.0,2265.0,688.0999755859375,55.79999923706055,461.70001220703125,4420.0,2791.0,470.54998779296875,2511.0,5267.0,2553.0,1599.5,69.72000122070312,746.5999755859375,79.8499984741211,1808.5,227.5,307.6000061035156,2527.5,205.85000610351562,1701.0,205.1999969482422,726.0,3680.0,2195.0,9144.0,108.0,2524.0,2597.0,1140.0
2024-06-27,12328.0,2241.0,689.2999877929688,56.08000183105469,454.70001220703125,4377.0,2813.5,472.79998779296875,2433.0,5176.0,2500.0,1526.0,69.41999816894531,722.0,80.80000305175781,1785.0,226.3000030517578,306.5,2490.0,209.75,1725.0,204.39999389648438,721.7999877929688,3696.0,2201.0,9132.0,109.4000015258789,2471.0,2643.0,1135.5
2024-06-28,12356.0,2263.0,683.9000244140625,54.7400016784668,456.79998779296875,4345.0,2834.0,475.20001220703125,2430.0,5201.0,2489.5,1529.5,69.76000213623047,718.4000244140625,80.5,1789.5,227.0,306.0,2502.0,208.89999389648438,1705.0,204.0,716.0,3686.0,2160.0,9036.0,110.19999694824219,2474.0,2615.0,1132.0
2024-07-01,12304.0,2286.0,690.9000244140625,55.619998931884766,452.79998779296875,4345.0,2857.5,478.5,2451.0,5234.0,2480.0,1526.0,70.23999786376953,714.2000122070312,79.9000015258789,1799.0,228.89999389648438,307.29998779296875,2432.5,213.1999969482422,1703.0,204.5,732.2000122070312,3648.0,2173.0,9120.0,113.19999694824219,2496.0,2574.0,1127.0
2024-07-02,12086.0,2266.0,688.9000244140625,54.939998626708984,446.20001220703125,4308.0,2869.5,484.70001220703125,2433.0,5170.0,2463.5,1503.5,68.95999908447266,705.2000122070312,80.44999694824219,1785.5,226.8000030517578,304.3999938964844,2396.0,210.75,1691.0,202.10000610351562,712.5999755859375,3661.0,2143.0,9046.0,110.19999694824219,2466.0,2543.0,1122.0
2024-07-03,12020.0,2342.0,685.2999877929688,55.880001068115234,455.79998779296875,4302.0,2851.0,482.6499938964844,2455.0,5329.0,2508.5,1503.5,69.16000366210938,720.4000244140625,83.05000305175781,1814.5,230.8000030517578,304.20001220703125,2425.5,218.14999389648438,1723.0,206.0,722.5999755859375,3687.0,2136.0,9112.0,112.4000015258789,2479.0,2573.0,1115.0
2024-07-04,12106.0,2355.0,691.2999877929688,57.279998779296875,461.8999938964844,4336.0,2900.0,490.29998779296875,2470.0,5359.0,2535.0,1510.5,69.9800033569336,718.5999755859375,82.80000305175781,1836.5,233.39999389648438,307.70001220703125,2433.5,224.35000610351562,1738.0,208.0,739.2000122070312,3675.0,2161.0,8938.0,112.4000015258789,2476.0,2569.0,1114.0
2024-07-05,12056.0,2322.0,673.5999755859375,58.279998779296875,454.20001220703125,4329.0,2862.0,482.20001220703125,2460.0,5259.0,2523.0,1511.0,70.31999969482422,707.0,83.9000015258789,1855.0,232.3000030517578,311.0,2444.0,220.5500030517578,1700.0,208.10000610351562,723.0,3652.0,2140.0,8936.0,111.4000015258789,2472.0,2583.0,1105.0
2024-07-08,12044.0,2272.0,672.9000244140625,59.02000045776367,461.29998779296875,4348.0,2835.0,474.6499938964844,2458.0,5206.0,2506.0,1509.5,70.41999816894531,717.2000122070312,83.9000015258789,1829.0,231.39999389648438,309.3999938964844,2414.0,222.0500030517578,1695.0,209.0,717.4000244140625,3666.0,2155.0,9010.0,113.19999694824219,2504.0,2609.0,1100.0
2024-07-09,11944.0,2278.0,669.5,57.84000015258789,447.70001220703125,4370.0,2834.0,454.25,2477.0,5218.0,2478.0,1510.0,71.0,715.2000122070312,83.0,1825.0,228.8000030517578,308.3999938964844,2379.5,216.75,1699.0,209.5,709.2000122070312,3633.0,2153.0,8674.0,110.80000305175781,2437.0,2593.0,1098.0
2024-07-10,12078.0,2277.0,670.5,58.099998474121094,454.20001220703125,4408.0,2833.0,454.6499938964844,2488.0,5224.0,2502.5,1505.0,72.44000244140625,735.2000122070312,82.5,1842.5,232.0,310.6000061035156,2407.5,219.5500030517578,1731.0,211.89999389648438,721.4000244140625,3635.0,2161.0,8892.0,110.0,2453.0,2624.0,1096.0
2024-07-11,12100.0,2252.0,669.4000244140625,59.13999938964844,453.20001220703125,4406.0,2815.0,451.79998779296875,2482.0,5250.0,2546.0,1505.0,71.22000122070312,739.7999877929688,83.80000305175781,1876.5,233.1999969482422,314.0,2394.0,222.60000610351562,1758.0,210.6999969482422,719.4000244140625,3654.0,2171.0,8910.0,112.80000305175781,2466.0,2598.0,1103.5
2024-07-12,12260.0,2288.0,671.0999755859375,59.099998474121094,450.0,4434.0,2812.5,453.5,2507.0,5260.0,2539.5,1517.0,70.5199966430664,732.0,83.1500015258789,1869.0,232.39999389648438,318.29998779296875,2396.0,222.4499969482422,1780.0,208.6999969482422,723.4000244140625,3708.0,2195.0,9108.0,113.80000305175781,2504.0,2609.0,1104.0
2024-07-15,12104.0,2250.0,663.7999877929688,58.79999923706055,449.5,4406.0,2807.5,449.3999938964844,2476.0,5192.0,2488.0,1498.0,69.69999694824219,715.0,83.3499984741211,1821.5,232.39999389648438,315.70001220703125,2364.5,225.75,1752.0,207.0,727.4000244140625,3640.0,2173.0,9020.0,113.4000015258789,2471.0,2580.0,1112.0
2024-07-16,12100.0,2191.0,664.0,58.5,458.8999938964844,4409.0,2782.5,446.6000061035156,2464.0,5071.0,2480.0,1501.0,69.37999725341797,709.5999755859375,83.05000305175781,1825.0,230.39999389648438,318.8999938964844,2309.5,227.35000610351562,1751.0,206.1999969482422,726.2000122070312,3567.0,2178.0,9070.0,112.0,2464.0,2588.0,1094.0
2024-07-17,12244.0,2198.0,666.7000122070312,58.779998779296875,447.20001220703125,4461.0,2798.5,452.70001220703125,2497.0,5071.0,2508.5,1528.5,70.63999938964844,716.7999877929688,83.3499984741211,1836.0,227.0,321.6000061035156,2275.0,230.6999969482422,1736.0,206.8000030517578,736.4000244140625,3511.0,2186.0,8956.0,112.19999694824219,2485.0,2599.0,1091.0
2024-07-18,12126.0,2175.0,663.5,59.20000076293945,434.6000061035156,4515.0,2834.5,459.0,2556.0,5004.0,2525.0,1530.0,70.87999725341797,717.2000122070312,84.5,1864.0,228.5,324.8999938964844,2286.0,228.60000610351562,1729.0,207.89999389648438,730.4000244140625,3502.0,2195.0,8926.0,111.0,2513.0,2599.0,1108.0
2024-07-19,12106.0,2150.0,660.0999755859375,59.13999938964844,446.1000061035156,4495.0,2793.5,457.29998779296875,2565.0,4916.0,2490.5,1522.5,70.5,701.4000244140625,84.0,1839.5,226.89999389648438,326.0,2246.0,228.64999389648438,1716.0,204.39999389648438,725.0,3497.0,2195.0,8940.0,110.80000305175781,2506.0,2566.0,1110.0
2024-07-22,12260.0,2150.0,667.5999755859375,58.97999954223633,443.29998779296875,4486.0,2793.0,457.79998779296875,2589.0,4944.5,2505.0,1524.5,70.41999816894531,701.0,84.0999984741211,1841.5,229.39999389648438,326.20001220703125,2234.0,230.85000610351562,1731.0,206.6999969482422,730.4000244140625,3557.0,2191.0,8772.0,108.0,2480.0,2629.0,1118.5
2024-07-23,12190.0,2118.0,666.0999755859375,59.52000045776367,460.0,4445.0,2747.0,450.6499938964844,2585.0,4872.0,2496.0,1509.5,70.58000183105469,687.4000244140625,83.6500015258789,1854.0,229.89999389648438,325.8999938964844,2184.5,230.5,1734.0,205.3000030517578,724.5999755859375,3545.0,2290.0,8772.0,109.4000015258789,2464.0,2627.0,1105.0
2024-07-24,12214.0,2116.0,663.0,59.65999984741211,443.8999938964844,4397.0,2764.0,453.04998779296875,2576.0,4937.5,2496.5,1510.0,70.44000244140625,684.5999755859375,84.3499984741211,1848.5,227.1999969482422,327.20001220703125,2222.0,228.39999389648438,1735.0,202.6999969482422,721.4000244140625,3495.0,2294.0,8740.0,109.0,2457.0,2628.0,1096.0
2024-07-25,12060.0,2123.0,661.0,60.63999938964844,431.0,4671.0,2762.0,453.5,2713.0,4975.5,2531.5,1523.5,72.13999938964844,680.2000122070312,81.05000305175781,1802.5,228.10000610351562,325.6000061035156,2265.0,227.89999389648438,1726.0,204.6999969482422,721.7999877929688,3497.0,2306.0,8688.0,111.0,2484.0,2633.0,1105.0
2024-07-26,12180.0,2141.0,665.2000122070312,60.65999984741211,441.79998779296875,4741.0,2779.5,454.5,2729.0,5037.0,2565.5,1553.0,73.22000122070312,685.0,80.75,1833.0,229.5,327.1000061035156,2380.0,231.39999389648438,1744.0,207.39999389648438,723.0,3598.0,2361.0,8812.0,109.4000015258789,2513.0,2655.0,1098.5
2024-07-29,12364.0,2124.0,670.0,61.099998474121094,439.79998779296875,4735.0,2771.5,453.0,2762.0,4989.5,2547.5,1557.0,73.22000122070312,696.0,80.69999694824219,1858.5,231.39999389648438,330.8999938964844,2339.5,232.75,1750.0,210.10000610351562,726.7999877929688,3589.0,2359.0,8888.0,111.80000305175781,2480.0,2671.0,1103.5
2024-07-30,12202.0,2093.0,676.9000244140625,59.70000076293945,444.70001220703125,4734.0,2766.5,451.6499938964844,2760.0,4935.5,2418.0,1542.5,73.13999938964844,682.2000122070312,80.55000305175781,1867.0,231.1999969482422,331.70001220703125,2277.0,234.0500030517578,1766.0,212.8000030517578,770.0,3632.0,2368.0,9034.0,111.0,2481.0,2737.0,1108.5
2024-07-31,12368.0,2145.0,704.0,59.58000183105469,449.6000061035156,4776.0,2840.0,458.8500061035156,2745.0,5026.0,2419.0,1512.0,72.44000244140625,699.2000122070312,80.30000305175781,1880.5,231.6999969482422,331.6000061035156,2350.0,233.8000030517578,1786.0,212.3000030517578,767.2000122070312,3672.0,2396.0,9074.0,109.5999984741211,2482.0,2754.0,1105.0
2024-08-01,12512.0,2135.0,658.5,56.15999984741211,481.1000061035156,4782.0,2825.0,453.8999938964844,2797.0,5004.0,2400.0,1526.0,72.12000274658203,667.2000122070312,80.19999694824219,1877.0,225.89999389648438,330.1000061035156,2321.0,222.89999389648438,1750.0,208.6999969482422,721.4000244140625,3579.0,2385.0,9830.0,106.0,2487.0,2728.0,1095.5
2024-08-02,12610.0,2103.0,636.2999877929688,55.34000015258789,463.8999938964844,4846.0,2777.0,444.79998779296875,2788.0,4949.5,2380.0,1562.5,72.26000213623047,645.4000244140625,78.05000305175781,1908.0,220.0,326.70001220703125,2243.5,209.10000610351562,1711.0,201.0,689.0,3492.0,2361.0,9476.0,103.4000015258789,2464.0,2697.0,1100.0
2024-08-05,12458.0,2067.0,625.7999877929688,54.560001373291016,443.79998779296875,4753.0,2693.5,431.0,2693.0,4936.5,2359.0,1547.0,69.4000015258789,637.5999755859375,76.80000305175781,1855.5,215.0,321.1000061035156,2194.0,206.1999969482422,1687.0,194.1999969482422,686.7999877929688,3394.0,2328.0,9288.0,101.5999984741211,2423.0,2618.0,1051.5
2024-08-06,12408.0,2087.0,628.0,55.15999984741211,468.5,4792.0,2708.5,430.70001220703125,2714.0,4913.0,2368.0,1521.5,70.44000244140625,628.7999877929688,77.3499984741211,1846.0,216.6999969482422,320.20001220703125,2193.0,208.1999969482422,1700.0,195.64999389648438,687.0,3405.0,2336.0,9360.0,99.30000305175781,2427.0,2627.0,1040.0
2024-08-07,12690.0,2097.0,640.5999755859375,57.0,479.70001220703125,4845.0,2770.5,437.25,2784.0,4923.0,2406.0,1535.0,73.19999694824219,643.7999877929688,78.5,1874.0,219.5,329.29998779296875,2201.0,214.75,1721.0,200.10000610351562,706.2000122070312,3488.0,2340.0,9476.0,100.80000305175781,2446.0,2674.0,1058.5
2024-08-08,12628.0,2088.0,639.5999755859375,57.08000183105469,476.79998779296875,4781.0,2775.0,431.25,2803.0,4930.5,2404.0,1560.0,73.63999938964844,634.2000122070312,78.19999694824219,1864.5,220.3000030517578,329.0,2222.0,214.0,1726.0,201.0,701.0,3489.0,2344.0,9494.0,102.0,2434.0,2662.0,1077.5
2024-08-09,12700.0,2097.0,642.5,56.959999084472656,485.0,4730.0,2776.0,433.75,2801.0,4914.5,2426.5,1565.5,73.80000305175781,632.7999877929688,78.05000305175781,1862.0,224.39999389648438,330.5,2226.0,218.25,1734.0,201.6999969482422,715.4000244140625,3483.0,2333.0,9520.0,100.4000015258789,2457.0,2675.0,1102.0
2024-08-12,12780.0,2094.0,643.9000244140625,56.79999923706055,486.70001220703125,4714.0,2799.0,439.6000061035156,2801.0,4942.0,2451.5,1572.0,74.44000244140625,635.4000244140625,78.4000015258789,1878.0,225.60000610351562,333.5,2232.5,220.10000610351562,1743.0,203.89999389648438,722.0,3524.0,2354.0,9542.0,102.80000305175781,2435.0,2698.0,1102.0
2024-08-13,12920.0,2080.0,645.5,56.900001525878906,492.0,4726.0,2781.0,437.0,2800.0,4929.0,2467.0,1592.5,73.73999786376953,640.0,78.75,1894.5,227.89999389648438,335.0,2231.5,219.25,1740.0,205.5,731.7999877929688,3542.0,2349.0,9654.0,102.5999984741211,2453.0,2757.0,1100.5
2024-08-14,12902.0,2046.0,649.7999877929688,57.31999969482422,499.1000061035156,4747.0,2807.0,437.0,2810.0,4853.0,2470.0,1597.5,74.54000091552734,643.7999877929688,78.9000015258789,1902.0,228.0,340.6000061035156,2198.0,221.60000610351562,1752.0,207.0,733.5999755859375,3586.0,2372.0,9726.0,102.4000015258789,2474.0,2810.0,1097.0
2024-08-15,13166.0,2056.0,655.7999877929688,58.47999954223633,503.0,4770.0,2805.5,443.45001220703125,2799.0,4751.0,2520.5,1596.0,74.5,654.7999877929688,79.3499984741211,1903.5,230.5,341.20001220703125,2185.5,227.75,1779.0,210.60000610351562,760.7999877929688,3590.0,2381.0,9846.0,105.19999694824219,2500.0,2993.0,1099.0
2024-08-16,13046.0,2050.0,656.5999755859375,58.900001525878906,501.0,4728.0,2790.0,441.25,2774.0,4742.0,2483.5,1591.0,74.72000122070312,657.4000244140625,79.6500015258789,1888.0,229.1999969482422,341.20001220703125,2185.5,228.3000030517578,1778.0,210.39999389648438,762.4000244140625,3588.0,2377.0,9808.0,107.19999694824219,2468.0,2960.0,1099.5
2024-08-19,13050.0,2076.0,663.5999755859375,59.220001220703125,500.0,4735.0,2813.0,442.04998779296875,2781.0,4824.5,2482.0,1599.0,75.5,659.4000244140625,79.8499984741211,1898.0,232.60000610351562,341.3999938964844,2235.0,229.0,1781.0,211.60000610351562,762.0,3596.0,2383.0,9980.0,107.0,2476.0,2933.0,1101.0
2024-08-20,13102.0,2062.0,651.0999755859375,58.380001068115234,493.0,4722.0,2733.0,429.8500061035156,2771.0,4777.0,2441.5,1592.0,,652.4000244140625,79.5999984741211,1877.5,229.60000610351562,338.79998779296875,2244.0,226.0,1765.0,210.10000610351562,750.0,3601.0,2372.0,9914.0,105.4000015258789,2447.0,2900.0,1100.0
2024-08-21,13000.0,2110.0,653.5,58.29999923706055,492.5,4733.0,2718.5,430.3999938964844,2771.0,4835.5,2490.5,1596.0,73.5999984741211,662.7999877929688,80.25,1863.0,231.0,339.79998779296875,2277.5,224.85000610351562,1750.0,210.8000030517578,744.5999755859375,3638.0,2372.0,9972.0,105.19999694824219,2443.0,2903.0,1100.0
2024-08-22,13018.0,2079.0,654.0999755859375,58.29999923706055,497.6000061035156,4791.0,2708.0,426.20001220703125,2766.0,4784.0,2502.0,1597.0,73.5999984741211,664.7999877929688,80.69999694824219,1866.5,224.5,346.6000061035156,2236.5,225.39999389648438,1757.0,212.3000030517578,756.0,3643.0,2381.0,10090.0,106.19999694824219,2480.0,2951.0,1100.5
2024-08-23,13076.0,2080.0,654.7000122070312,59.400001525878906,498.8999938964844,4811.0,2720.0,429.29998779296875,2759.0,4761.5,2531.0,1602.5,74.0199966430664,675.5999755859375,81.5,1875.5,226.10000610351562,349.1000061035156,2250.0,230.4499969482422,1763.0,214.6999969482422,765.5999755859375,3640.0,2377.0,10215.0,106.5999984741211,2514.0,2942.0,1102.0
2024-08-27,13158.0,2096.0,660.9000244140625,59.20000076293945,494.20001220703125,4841.0,2725.0,432.1499938964844,2789.0,4814.0,2530.0,1618.0,74.73999786376953,662.4000244140625,81.5999984741211,1875.0,224.6999969482422,351.70001220703125,2279.0,230.1999969482422,1763.0,212.8000030517578,771.5999755859375,3617.0,2366.0,10105.0,106.80000305175781,2499.0,2935.0,1102.0
2024-08-28,13200.0,2064.0,659.7000122070312,58.18000030517578,500.20001220703125,4867.0,2696.0,431.54998779296875,2808.0,4757.5,2519.5,1651.5,74.83999633789062,657.5999755859375,80.05000305175781,1882.0,224.3000030517578,348.29998779296875,2235.0,223.89999389648438,1776.0,214.6999969482422,767.7999877929688,3657.0,2381.0,10105.0,106.0,2504.0,2928.0,1104.0
2024-08-29,13274.0,2083.0,660.7999877929688,58.34000015258789,500.20001220703125,4912.0,2711.0,434.75,2816.0,4795.0,2489.0,1651.5,74.05999755859375,653.5999755859375,79.94999694824219,1874.0,223.89999389648438,352.5,2239.0,226.0500030517578,1803.0,213.39999389648438,776.5999755859375,3703.0,2405.0,10140.0,106.0,2496.0,2922.0,1102.0
2024-08-30,13274.0,2083.0,666.7000122070312,58.5,496.3999938964844,4906.0,2681.0,429.3999938964844,2836.0,4770.0,2472.5,1657.0,74.41999816894531,652.0,79.69999694824219,1887.0,223.8000030517578,353.70001220703125,2209.0,228.39999389648438,1802.0,214.39999389648438,779.4000244140625,3684.0,2399.0,10165.0,104.5999984741211,2490.0,2918.0,1111.0
2024-09-02,13276.0,2063.0,665.9000244140625,58.119998931884766,464.29998779296875,4916.0,2684.5,430.25,2851.0,4701.5,2474.0,1650.5,75.62000274658203,651.4000244140625,79.55000305175781,1893.0,224.3000030517578,356.1000061035156,2215.0,227.14999389648438,1804.0,214.39999389648438,771.4000244140625,3705.0,2402.0,10110.0,103.5999984741211,2483.0,2906.0,1103.0
2024-09-03,13190.0,1997.0,658.4000244140625,57.2599983215332,472.29998779296875,4958.0,2612.0,416.3500061035156,2867.0,4596.5,2464.5,1655.0,75.66000366210938,645.5999755859375,78.9000015258789,1907.5,223.0,361.70001220703125,2108.5,223.0500030517578,1799.0,216.1999969482422,754.0,3676.0,2405.0,10095.0,104.80000305175781,2496.0,2917.0,1106.5
2024-09-04,13046.0,1993.5,658.7000122070312,57.060001373291016,480.70001220703125,4962.0,2582.5,413.8500061035156,2901.0,4581.0,2450.0,1664.0,76.77999877929688,633.5999755859375,78.5999984741211,1913.5,224.1999969482422,362.8999938964844,2097.5,223.6999969482422,1777.0,212.89999389648438,750.0,3624.0,2435.0,10050.0,103.0,2501.0,2931.0,1103.5
2024-09-05,12540.0,1991.0,660.9000244140625,57.58000183105469,477.8999938964844,4984.0,2574.5,411.70001220703125,2910.0,4591.0,2430.5,1639.0,78.18000030517578,633.4000244140625,80.5999984741211,1970.0,226.89999389648438,366.20001220703125,2102.0,228.5500030517578,1774.0,207.0,763.5999755859375,3579.0,2429.0,9974.0,107.0,2289.0,2814.0,1105.0
2024-09-06,12650.0,1952.5,648.7999877929688,56.41999816894531,462.70001220703125,4985.0,2516.0,405.70001220703125,2929.0,4516.0,2400.0,1651.5,76.45999908447266,620.0,78.6500015258789,1973.5,225.10000610351562,366.6000061035156,2024.0,220.85000610351562,1766.0,206.1999969482422,750.2000122070312,3604.0,2446.0,9926.0,99.5,2204.0,2792.0,1105.0
2024-09-09,12712.0,1974.0,661.0999755859375,57.2599983215332,475.6000061035156,5034.0,2546.0,406.6499938964844,2973.0,4577.0,2439.0,1663.5,76.58000183105469,613.5999755859375,79.0,1995.5,225.60000610351562,368.70001220703125,2029.5,224.0,1792.0,208.39999389648438,763.0,3690.0,2485.0,10065.0,105.4000015258789,2180.0,2838.0,1107.0
2024-09-10,12406.0,1954.5,649.0,56.47999954223633,474.79998779296875,5000.0,2508.5,397.45001220703125,2959.0,4561.0,2417.0,1671.0,75.4800033569336,601.4000244140625,79.1500015258789,1980.0,224.39999389648438,367.6000061035156,2009.0,216.6999969482422,1786.0,207.39999389648438,749.7999877929688,3685.0,2473.0,10025.0,102.80000305175781,2163.0,2845.0,1106.0
2024-09-11,12308.0,1983.5,649.0999755859375,57.439998626708984,479.1000061035156,4968.0,2510.0,398.25,2984.0,4630.5,2434.0,1654.5,76.58000183105469,613.2000122070312,78.80000305175781,1987.5,224.0,366.70001220703125,2002.5,215.14999389648438,1799.0,209.10000610351562,756.0,3662.0,2458.0,10190.0,101.19999694824219,2167.0,2852.0,1108.0
2024-09-12,12050.0,1976.0,655.5999755859375,57.900001525878906,493.79998779296875,4926.0,2537.0,403.0,2950.0,4720.5,2506.0,1638.5,76.77999877929688,616.0,78.9000015258789,1971.0,225.1999969482422,369.0,2062.0,218.60000610351562,1806.0,203.89999389648438,759.0,3756.0,2452.0,10290.0,103.19999694824219,2168.0,2875.0,1106.0
2024-09-13,11928.0,2013.0,658.7000122070312,58.040000915527344,501.20001220703125,4939.0,2554.5,404.20001220703125,2965.0,4757.0,2470.0,1633.5,77.5999984741211,624.0,79.9000015258789,1986.5,225.8000030517578,364.5,2104.5,221.14999389648438,1808.0,206.89999389648438,763.4000244140625,3771.0,2436.0,10310.0,105.0,2189.0,2897.0,1106.0
2024-09-16,12016.0,2019.0,654.7000122070312,58.15999984741211,495.79998779296875,4950.0,2538.5,406.1499938964844,2970.0,4774.0,2466.0,1632.0,78.41999816894531,615.0,80.6500015258789,1993.5,226.60000610351562,370.6000061035156,2099.5,221.0,1816.0,207.39999389648438,759.4000244140625,3773.0,2460.0,10410.0,102.4000015258789,2232.0,2890.0,1105.5
2024-09-17,11968.0,2031.0,661.7999877929688,58.58000183105469,495.0,4937.0,2561.0,410.45001220703125,2900.0,4789.5,2525.5,1609.5,77.62000274658203,630.2000122070312,81.0999984741211,2013.0,228.39999389648438,369.20001220703125,2137.0,225.0,1808.0,209.3000030517578,769.5999755859375,3822.0,2459.0,10515.0,105.0,2243.0,2879.0,1106.0
2024-09-18,11856.0,2021.0,658.2999877929688,57.880001068115234,496.0,4878.0,2554.0,410.3500061035156,2868.0,4765.5,2484.0,1604.0,78.08000183105469,632.0,80.9000015258789,1996.5,221.89999389648438,368.3999938964844,2123.5,223.5,1786.0,207.0,775.2000122070312,3791.0,2434.0,10335.0,105.4000015258789,2235.0,2871.0,1106.0
2024-09-19,11898.0,2090.0,669.2999877929688,58.5,525.0,4853.0,2595.0,417.45001220703125,2825.0,4911.5,2552.0,1574.5,76.16000366210938,650.5999755859375,81.80000305175781,1942.0,224.8000030517578,365.5,2201.0,227.64999389648438,1824.0,210.10000610351562,779.5999755859375,3878.0,2421.0,10390.0,107.5999984741211,2256.0,2893.0,1108.0
2024-09-20,11780.0,2032.0,660.5,58.20000076293945,526.2000122070312,4853.0,2562.0,409.54998779296875,2810.0,4802.5,2494.5,1536.0,75.55999755859375,627.0,80.6500015258789,1931.5,223.6999969482422,363.3999938964844,2129.0,226.75,1796.0,207.5,759.4000244140625,3812.0,2413.0,9976.0,104.80000305175781,2237.0,2825.0,1110.5
2024-09-23,11584.0,2044.0,670.7000122070312,58.099998474121094,530.2000122070312,4872.0,2577.0,411.75,2839.0,4829.5,2526.5,1527.5,75.94000244140625,638.5999755859375,81.25,1952.5,224.3000030517578,365.8999938964844,2122.5,223.1999969482422,1820.0,208.89999389648438,757.4000244140625,3874.0,2411.0,10100.0,104.5999984741211,2276.0,2821.0,1110.0
2024-09-24,11522.0,2132.0,672.2000122070312,59.279998779296875,526.5999755859375,4857.0,2572.0,410.1499938964844,2846.0,5049.0,2549.0,1530.5,75.80000305175781,664.7999877929688,80.6500015258789,1949.5,225.89999389648438,364.29998779296875,2263.5,226.39999389648438,1725.0,207.89999389648438,780.2000122070312,3861.0,2413.0,10095.0,106.80000305175781,2295.0,2784.0,1107.0
2024-09-25,11566.0,2165.0,665.7999877929688,58.18000030517578,531.7999877929688,4901.0,2532.0,400.25,2842.0,5077.0,2497.5,1527.0,75.83999633789062,642.2000122070312,80.5999984741211,1955.0,225.60000610351562,365.8999938964844,2298.0,223.1999969482422,1764.0,207.60000610351562,763.2000122070312,3865.0,2455.0,10090.0,104.19999694824219,2284.0,2786.0,1110.5
2024-09-26,11720.0,2254.0,679.7999877929688,58.97999954223633,526.7999877929688,4867.0,2415.0,383.8500061035156,2762.0,5257.0,2614.5,1522.0,75.4000015258789,681.5999755859375,81.1500015258789,1945.0,227.60000610351562,358.5,2439.5,227.0500030517578,1756.0,207.8000030517578,803.5999755859375,3906.0,2430.0,10100.0,111.0,2296.0,2800.0,1110.5
2024-09-27,11654.0,2312.0,680.9000244140625,59.400001525878906,525.0,4894.0,2424.0,388.1499938964844,2774.0,5309.0,2653.0,1537.0,75.62000274658203,700.0,82.19999694824219,1912.0,229.5,360.70001220703125,2438.0,229.25,1761.0,210.0,807.4000244140625,3930.0,2440.0,9742.0,110.80000305175781,2323.0,2808.0,1110.0
2024-09-30,11588.0,2313.0,669.2000122070312,58.79999923706055,527.2000122070312,4839.0,2425.0,391.70001220703125,2724.0,5299.0,2603.0,1516.5,75.04000091552734,694.5999755859375,80.05000305175781,1883.0,226.3000030517578,358.70001220703125,2429.0,224.5500030517578,1677.0,207.39999389648438,793.0,3931.0,2394.0,9782.0,111.4000015258789,2333.0,2784.0,1114.5
2024-10-01,11800.0,2335.0,664.7000122070312,58.20000076293945,524.7999877929688,4864.0,2478.0,401.0,2755.0,5298.0,2615.5,1521.5,75.12000274658203,691.5999755859375,79.19999694824219,1911.5,225.5,359.5,2443.0,219.6999969482422,1673.0,207.89999389648438,779.2000122070312,3956.0,2418.0,9910.0,112.5999984741211,2317.0,2782.0,1111.5
2024-10-02,11946.0,2358.0,676.0,57.65999984741211,518.7999877929688,4843.0,2521.0,406.6000061035156,2707.0,5371.0,2616.0,1495.5,73.69999694824219,720.4000244140625,78.3499984741211,1874.0,224.3000030517578,354.8999938964844,2478.0,220.1999969482422,1680.0,207.60000610351562,795.4000244140625,3963.0,2407.0,9786.0,122.80000305175781,2291.0,2798.0,1112.0
2024-10-03,11964.0,2330.0,685.0,57.439998626708984,533.4000244140625,4801.0,2564.0,409.0,2684.0,5325.0,2616.5,1460.5,73.73999786376953,703.2000122070312,77.80000305175781,1890.5,223.1999969482422,364.0,2423.0,219.35000610351562,1663.0,202.39999389648438,797.4000244140625,3959.0,2414.0,9866.0,119.4000015258789,2308.0,2803.0,1085.0
2024-10-04,11738.0,2304.0,691.7999877929688,58.79999923706055,530.2000122070312,4784.0,2577.5,416.8500061035156,2681.0,5298.0,2599.5,1459.5,73.9000015258789,709.0,78.8499984741211,1838.0,225.39999389648438,362.20001220703125,2430.0,226.25,1653.0,206.0,828.0,3862.0,2401.0,9938.0,126.0,2320.0,2804.0,1081.5
2024-10-07,11810.0,2327.0,695.2000122070312,59.15999984741211,526.5999755859375,4770.0,2638.0,422.1000061035156,2689.0,5300.0,2587.5,1480.0,74.5,719.4000244140625,77.80000305175781,1822.5,225.0,359.79998779296875,2445.0,229.64999389648438,1653.0,204.89999389648438,840.5999755859375,3872.0,2400.0,9832.0,127.0,2312.0,2767.0,1081.0
2024-10-08,11678.0,2223.0,666.0,58.2599983215332,527.5999755859375,4781.0,2576.0,406.45001220703125,2685.0,5044.0,2542.5,1453.0,73.83999633789062,687.0,76.6500015258789,1818.5,222.60000610351562,360.3999938964844,2281.5,228.4499969482422,1625.0,203.5,821.7999877929688,3863.0,2403.0,9906.0,122.5999984741211,2305.0,2736.0,1080.5
2024-10-09,11756.0,2222.0,669.4000244140625,59.2400016784668,531.0,4807.0,2586.0,406.3999938964844,2705.0,5048.0,2553.5,1458.0,74.44000244140625,695.0,77.44999694824219,1835.0,224.60000610351562,364.29998779296875,2309.5,230.64999389648438,1636.0,204.6999969482422,831.0,3861.0,2421.0,9864.0,126.0,2323.0,2746.0,1083.5
2024-10-10,11770.0,2240.0,672.2000122070312,59.439998626708984,530.0,4785.0,2593.0,410.8500061035156,2700.0,5069.0,2543.0,1505.0,74.66000366210938,688.2000122070312,77.44999694824219,1827.0,223.5,359.3999938964844,2299.0,231.14999389648438,1603.0,204.89999389648438,834.4000244140625,3856.0,2429.0,10050.0,125.0,2342.0,2736.0,1085.0
2024-10-11,11764.0,2252.0,673.2000122070312,59.939998626708984,537.2000122070312,4806.0,2592.0,409.45001220703125,2677.0,5098.0,2551.5,1480.0,73.80000305175781,676.4000244140625,77.1500015258789,1830.0,223.0,357.20001220703125,2295.0,235.85000610351562,1620.0,204.6999969482422,841.5999755859375,3912.0,2431.0,10195.0,136.39999389648438,2340.0,2739.0,1085.0
2024-10-14,11936.0,2265.0,675.7999877929688,59.63999938964844,538.5999755859375,4822.0,2589.5,408.3999938964844,2699.0,5134.0,2560.0,1494.5,74.13999938964844,682.5999755859375,77.4000015258789,1874.0,224.5,356.5,2303.5,232.89999389648438,1643.0,203.39999389648438,839.4000244140625,3927.0,2459.0,10270.0,139.8000030517578,2326.0,2747.0,1086.0
2024-10-15,11850.0,2232.0,669.2000122070312,60.08000183105469,540.5999755859375,4867.0,2502.5,392.5,2705.0,5041.0,2579.5,1494.0,74.30000305175781,661.7999877929688,77.30000305175781,1898.5,223.3000030517578,356.6000061035156,2224.0,234.0500030517578,1640.0,202.5,822.0,3927.0,2461.0,10245.0,136.0,2349.0,2776.0,1086.0
2024-10-16,12024.0,2237.0,672.7999877929688,61.20000076293945,560.0,4851.0,2532.5,395.45001220703125,2750.0,5039.0,2577.0,1496.0,76.0999984741211,663.7999877929688,78.4000015258789,1932.0,229.10000610351562,355.1000061035156,2260.5,237.0500030517578,1655.0,206.5,824.2000122070312,3919.0,2512.0,10445.0,132.0,2368.0,2714.0,1085.0
2024-10-17,12024.0,2183.0,678.0,61.86000061035156,569.0,4857.0,2554.5,400.0,2728.0,4946.0,2645.5,1496.5,75.0199966430664,654.7999877929688,76.55000305175781,1932.0,231.3000030517578,362.1000061035156,2337.5,245.10000610351562,1626.0,208.60000610351562,837.0,3967.0,2527.0,10455.0,128.60000610351562,2377.0,2756.0,1085.0
2024-10-18,11946.0,2187.0,680.5999755859375,62.18000030517578,567.4000244140625,4831.0,2536.5,399.6000061035156,2640.0,4995.5,2651.5,1476.0,75.0199966430664,673.4000244140625,77.4000015258789,1905.0,230.10000610351562,361.79998779296875,2379.5,242.25,1633.0,208.3000030517578,838.4000244140625,3929.0,2517.0,10245.0,128.0,2348.0,2746.0,1086.0
2024-10-21,11930.0,2167.0,675.4000244140625,61.79999923706055,567.0,4790.0,2551.0,404.8500061035156,2631.0,4963.0,2623.0,1464.0,74.5,657.4000244140625,76.6500015258789,1898.0,228.10000610351562,357.20001220703125,2362.5,239.75,1612.0,207.3000030517578,836.5999755859375,3880.0,2500.0,10170.0,128.0,2322.0,2698.0,1086.5
2024-10-22,11864.0,2186.0,681.5,62.0,561.2000122070312,4759.0,2564.0,406.45001220703125,2669.0,5001.0,2607.0,1453.5,73.72000122070312,660.0,76.44999694824219,1879.5,226.5,356.1000061035156,2379.5,242.1999969482422,1613.0,205.6999969482422,847.2000122070312,3842.0,2485.0,10060.0,119.5999984741211,2324.0,2645.0,1087.0
2024-10-23,11828.0,2153.0,679.9000244140625,61.619998931884766,561.4000244140625,4653.0,2539.5,402.70001220703125,2665.0,4947.5,2575.0,1448.0,73.12000274658203,656.4000244140625,75.75,1892.5,224.5,353.6000061035156,2323.5,238.14999389648438,1577.0,202.1999969482422,842.2000122070312,3840.0,2506.0,9988.0,120.19999694824219,2317.0,2626.0,1087.5
2024-10-24,11696.0,2142.0,679.9000244140625,62.20000076293945,554.7999877929688,4790.0,2542.0,401.79998779296875,2655.0,4934.5,2569.0,1455.5,73.5999984741211,654.5999755859375,75.75,1847.0,224.10000610351562,356.6000061035156,2390.5,248.0500030517578,1586.0,202.39999389648438,859.0,3864.0,2495.0,9874.0,118.19999694824219,2314.0,2610.0,1086.5
2024-10-25,11606.0,2177.0,682.0999755859375,57.65999984741211,556.2000122070312,4762.0,2550.5,404.8999938964844,2658.0,5022.0,2565.5,1448.5,73.68000030517578,647.2000122070312,75.25,1829.0,220.5,352.79998779296875,2434.5,241.39999389648438,1588.0,200.5,853.0,3868.0,2511.0,10000.0,115.4000015258789,2310.0,2572.0,1086.0
2024-10-28,11628.0,2191.0,692.0999755859375,56.119998931884766,560.4000244140625,4809.0,2516.0,399.1000061035156,2679.0,5077.0,2555.0,1452.0,73.9000015258789,652.0,75.69999694824219,1844.0,222.10000610351562,353.6000061035156,2463.0,241.8000030517578,1597.0,200.89999389648438,865.7999877929688,3867.0,2544.0,10110.0,117.19999694824219,2300.0,2593.0,1087.0
2024-10-29,11534.0,2210.0,713.7000122070312,54.540000915527344,554.5999755859375,4780.0,2482.0,379.25,2657.0,5131.0,2516.5,1451.5,71.80000305175781,649.0,74.05000305175781,1808.5,220.0,348.20001220703125,2483.0,238.8000030517578,1569.0,197.0500030517578,876.4000244140625,3855.0,2530.0,10070.0,111.19999694824219,2289.0,2571.0,1088.0
2024-10-30,11206.0,2181.0,706.2000122070312,53.65999984741211,555.2000122070312,4745.0,2490.5,374.04998779296875,2648.0,5053.0,2450.0,1407.0,72.36000061035156,641.5999755859375,74.55000305175781,1813.0,220.8000030517578,347.3999938964844,2385.5,242.10000610351562,1556.0,197.5,912.5999755859375,3781.0,2513.0,10185.0,115.4000015258789,2293.0,2596.0,1086.0
2024-10-31,11042.0,2152.0,711.7000122070312,53.400001525878906,535.4000244140625,4730.0,2578.5,376.6499938964844,2695.0,5016.0,2399.0,1392.5,72.0199966430664,644.5999755859375,73.9000015258789,1761.0,217.10000610351562,342.20001220703125,2400.0,237.5,1529.0,193.9499969482422,900.4000244140625,3777.0,2515.0,9790.0,112.4000015258789,2221.0,2564.0,1088.0
2024-11-01,11022.0,2163.0,709.5999755859375,54.41999816894531,548.7999877929688,4753.0,2579.0,378.20001220703125,2705.0,5026.0,2395.5,1419.5,72.33999633789062,644.0,74.19999694824219,1777.5,220.60000610351562,348.0,2396.0,240.60000610351562,1542.0,195.35000610351562,913.7999877929688,3842.0,2547.0,9914.0,113.19999694824219,2283.0,2563.0,1088.0
2024-11-04,11042.0,2166.0,717.7000122070312,54.81999969482422,549.5999755859375,4733.0,2594.0,382.0,2699.0,5023.0,2380.0,1414.0,72.18000030517578,650.0,74.5999984741211,1766.0,220.0,351.79998779296875,2390.5,243.5,1535.0,195.35000610351562,919.7999877929688,3832.0,2566.0,9882.0,113.0,2289.0,2553.0,1089.5
2024-11-05,10114.0,2173.0,722.4000244140625,54.86000061035156,560.0,4726.0,2608.5,385.1000061035156,2721.0,5025.0,2365.0,1391.5,72.45999908447266,648.0,73.8499984741211,1750.5,220.5,353.8999938964844,2428.0,244.89999389648438,1536.0,196.64999389648438,932.2000122070312,3851.0,2596.0,10040.0,115.80000305175781,2362.0,2543.0,1090.0
2024-11-06,9922.0,2146.0,724.2000122070312,54.7599983215332,574.0,4603.0,2592.5,386.5,2739.0,5043.0,2306.0,1370.5,72.45999908447266,663.7999877929688,72.30000305175781,1720.0,219.0,357.29998779296875,2392.0,258.1499938964844,1529.0,195.1999969482422,942.7999877929688,3837.0,2633.0,9902.0,113.4000015258789,2319.0,2524.0,1089.5
2024-11-07,9725.0,2222.0,715.5999755859375,54.540000915527344,552.7999877929688,4549.0,2599.5,381.5,2731.0,5201.0,2340.5,1380.0,71.9000015258789,671.5999755859375,62.95000076293945,1712.0,218.0,348.5,2479.0,253.85000610351562,1533.0,195.0,938.4000244140625,3868.0,2595.0,9922.0,110.0,2297.0,2521.0,1090.0
2024-11-08,9903.0,2135.0,690.0,53.08000183105469,553.2000122070312,4537.0,2564.5,373.29998779296875,2733.0,4946.0,2320.0,1381.0,72.04000091552734,642.5999755859375,63.0,1719.0,216.89999389648438,345.20001220703125,2372.0,251.5,1534.0,194.1999969482422,924.0,3879.0,2611.0,9862.0,112.0,2264.0,2515.0,1090.0
2024-11-11,9985.0,2091.0,699.2000122070312,54.540000915527344,572.0,4529.0,2550.0,373.0,2740.0,4850.0,2345.5,1397.0,73.0,641.4000244140625,63.45000076293945,1731.5,219.39999389648438,343.8999938964844,2326.5,260.6499938964844,1546.0,198.6999969482422,941.0,3947.0,2645.0,9830.0,110.19999694824219,2254.0,2528.0,1092.0
2024-11-12,9990.0,2058.0,693.9000244140625,53.86000061035156,558.0,4513.0,2518.0,367.29998779296875,2756.0,4745.0,2344.5,1369.5,67.0199966430664,608.0,62.75,1701.0,214.6999969482422,341.79998779296875,2220.0,257.5,1522.0,195.25,923.4000244140625,3862.0,2612.0,9736.0,109.4000015258789,2213.0,2472.0,1093.5
2024-11-13,10144.0,2058.0,700.7999877929688,54.599998474121094,557.5999755859375,4515.0,2525.0,370.04998779296875,2778.0,4748.5,2332.5,1362.0,69.05999755859375,609.4000244140625,61.849998474121094,1691.5,215.60000610351562,340.20001220703125,2232.0,258.8500061035156,1681.0,193.6999969482422,945.0,3765.0,2619.0,9674.0,107.0,2217.0,2510.0,1091.5
2024-11-14,10292.0,2046.0,706.2000122070312,55.040000915527344,545.2000122070312,4527.0,2531.5,379.25,2803.0,4735.5,2365.5,1353.5,69.31999969482422,630.4000244140625,63.04999923706055,1710.0,215.89999389648438,341.8999938964844,2244.0,256.6000061035156,1694.0,195.8000030517578,938.5999755859375,3657.0,2625.0,9526.0,111.5999984741211,2243.0,2524.0,1092.5
2024-11-15,9978.0,2054.0,716.7999877929688,56.47999954223633,538.7999877929688,4542.0,2561.0,382.70001220703125,2867.0,4804.5,2344.5,1301.0,69.54000091552734,641.5999755859375,62.29999923706055,1715.5,219.0,345.70001220703125,2280.5,259.3500061035156,1697.0,198.75,943.4000244140625,3605.0,2611.0,9510.0,110.0,2186.0,2522.0,1091.0
2024-11-18,9915.0,2061.0,727.7999877929688,56.2400016784668,539.2000122070312,4555.0,2589.0,387.1000061035156,2882.0,4866.0,2360.5,1310.0,70.73999786376953,640.0,62.79999923706055,1713.5,219.89999389648438,347.8999938964844,2318.0,260.8500061035156,1691.0,200.8000030517578,947.4000244140625,3657.0,2622.0,9446.0,110.80000305175781,2188.0,2533.0,1087.5
2024-11-19,10024.0,2063.0,724.2999877929688,55.31999969482422,527.5999755859375,4557.0,2572.5,382.79998779296875,2906.0,4893.5,2363.5,1303.5,70.69999694824219,624.7999877929688,63.349998474121094,1713.0,217.6999969482422,347.8999938964844,2304.5,255.85000610351562,1692.0,200.5,947.0,3675.0,2629.0,9478.0,111.0,2165.0,2504.0,1087.5
2024-11-20,9969.0,2060.0,722.5,55.41999816894531,526.2000122070312,4539.0,2551.0,381.54998779296875,2918.0,4921.5,2357.5,1300.0,71.23999786376953,633.2000122070312,62.29999923706055,1690.5,217.5,348.6000061035156,2340.0,258.95001220703125,1696.0,199.85000610351562,947.0,3631.0,2616.0,9376.0,110.0,2156.0,2403.0,1088.5
2024-11-21,10062.0,2056.0,726.9000244140625,55.02000045776367,540.7999877929688,4542.0,2597.0,388.6000061035156,2923.0,4924.5,2350.0,1309.5,68.87999725341797,635.4000244140625,62.04999923706055,1710.0,218.89999389648438,350.8999938964844,2350.0,262.6499938964844,1724.0,201.89999389648438,959.0,3710.0,2624.0,9552.0,110.0,2171.0,2431.0,1088.5
2024-11-22,10474.0,2077.0,724.4000244140625,54.41999816894531,545.5999755859375,4692.0,2603.0,392.70001220703125,2969.0,4945.0,2398.5,1342.0,70.08000183105469,635.0,65.5,1747.0,221.60000610351562,353.3999938964844,2359.0,257.20001220703125,1744.0,200.8000030517578,945.5999755859375,3809.0,2649.0,9764.0,109.4000015258789,2197.0,2450.0,1088.5
2024-11-25,10474.0,2086.0,733.7000122070312,54.65999984741211,542.5999755859375,4684.0,2574.0,387.8500061035156,2971.0,5016.0,2402.5,1346.5,71.08000183105469,656.7999877929688,71.1500015258789,1745.0,223.10000610351562,352.20001220703125,2391.0,263.6499938964844,1747.0,201.10000610351562,965.7999877929688,3834.0,2653.0,9838.0,111.80000305175781,2209.0,2467.0,1088.0
2024-11-26,10492.0,2050.0,732.5999755859375,53.41999816894531,542.0,4692.0,2554.5,383.45001220703125,2993.0,4924.5,2364.5,1338.0,71.04000091552734,643.0,69.69999694824219,1735.0,219.8000030517578,350.3999938964844,2372.5,260.95001220703125,1764.0,199.0,959.7999877929688,3773.0,2680.0,9796.0,108.5999984741211,2202.0,2449.0,1089.5
2024-11-27,10532.0,2047.0,731.9000244140625,53.18000030517578,539.5999755859375,4733.0,2538.0,384.1499938964844,3010.0,4915.5,2355.0,1344.0,71.36000061035156,646.5999755859375,71.8499984741211,1751.5,219.6999969482422,357.8999938964844,2385.0,258.95001220703125,1774.0,197.85000610351562,973.4000244140625,3796.0,2706.0,9828.0,109.19999694824219,2195.0,2464.0,1091.0
2024-11-28,10594.0,2047.0,731.9000244140625,53.2599983215332,545.5999755859375,4730.0,2531.5,385.45001220703125,2980.0,4900.0,2368.0,1340.5,71.69999694824219,650.7999877929688,72.5,1785.0,222.10000610351562,366.20001220703125,2391.0,265.1000061035156,1777.0,199.35000610351562,979.4000244140625,3758.0,2691.0,9862.0,110.80000305175781,2190.0,2539.0,1093.0
2024-11-29,10612.0,2080.0,732.7000122070312,53.060001373291016,558.5999755859375,4701.0,2531.5,384.6499938964844,2988.0,4936.5,2352.5,1335.0,70.87999725341797,641.7999877929688,72.6500015258789,1771.5,221.3000030517578,366.3999938964844,2520.5,263.79998779296875,1771.0,198.1999969482422,972.4000244140625,3751.0,2691.0,10080.0,113.80000305175781,2198.0,2563.0,1093.5
